condition,seed,method,scene,auc,cnr,n_target,n_bg,n_valid,file
150k_1mm,42,poca,u_pb_soil,0.9697899892646269,3.469983734743921,648,1656,2304,150k_1mm/seed_42/poca/u_pb_soil.npz
150k_1mm,42,poca,u_pb_concrete,0.9692355147014969,3.1639823907435356,648,1656,2304,150k_1mm/seed_42/poca/u_pb_concrete.npz
150k_1mm,42,poca,u_explosive_soil,0.5207802156020755,0.1905876237576929,648,1656,2304,150k_1mm/seed_42/poca/u_explosive_soil.npz
150k_1mm,42,poca,u_explosive_concrete,0.5774001342732461,0.2668947984987906,648,1655,2303,150k_1mm/seed_42/poca/u_explosive_concrete.npz
150k_1mm,42,poca,u_void_soil,0.6618189747718733,0.2901964934987813,648,1656,2304,150k_1mm/seed_42/poca/u_void_soil.npz
150k_1mm,42,poca,u_void_concrete,0.7011292007012048,0.47896417563803323,648,1655,2303,150k_1mm/seed_42/poca/u_void_concrete.npz
150k_1mm,42,asr_q75,u_pb_soil,0.9998900369773961,5.966203214416758,648,1656,2304,150k_1mm/seed_42/asr_q75/u_pb_soil.npz
150k_1mm,42,asr_q75,u_pb_concrete,0.9998703890194324,5.808709655835192,648,1655,2303,150k_1mm/seed_42/asr_q75/u_pb_concrete.npz
150k_1mm,42,asr_q75,u_explosive_soil,0.5406378600823045,0.0880264071889582,648,1656,2304,150k_1mm/seed_42/asr_q75/u_explosive_soil.npz
150k_1mm,42,asr_q75,u_explosive_concrete,0.673933273656335,0.41928721195736424,648,1655,2303,150k_1mm/seed_42/asr_q75/u_explosive_concrete.npz
150k_1mm,42,asr_q75,u_void_soil,0.876610305958132,1.1315567091134118,648,1656,2304,150k_1mm/seed_42/asr_q75/u_void_soil.npz
150k_1mm,42,asr_q75,u_void_concrete,0.8872403754398521,1.1530384366565978,648,1656,2304,150k_1mm/seed_42/asr_q75/u_void_concrete.npz
150k_1mm,42,mlsd_median,u_pb_soil,0.9982340684081827,5.571444039324048,648,1656,2304,150k_1mm/seed_42/mlsd_median/u_pb_soil.npz
150k_1mm,42,mlsd_median,u_pb_concrete,0.9975985194131329,5.18834801694054,648,1656,2304,150k_1mm/seed_42/mlsd_median/u_pb_concrete.npz
150k_1mm,42,mlsd_median,u_explosive_soil,0.6795547056718554,0.4779037291213792,648,1656,2304,150k_1mm/seed_42/mlsd_median/u_explosive_soil.npz
150k_1mm,42,mlsd_median,u_explosive_concrete,0.7490115997165343,0.6295825022763031,648,1655,2303,150k_1mm/seed_42/mlsd_median/u_explosive_concrete.npz
150k_1mm,42,mlsd_median,u_void_soil,0.8895486670245124,0.9080323574545112,648,1656,2304,150k_1mm/seed_42/mlsd_median/u_void_soil.npz
150k_1mm,42,mlsd_median,u_void_concrete,0.8998274961769424,0.9443875248265433,648,1655,2303,150k_1mm/seed_42/mlsd_median/u_void_concrete.npz
150k_1mm,42,namt_3p,u_pb_soil,0.9999971562471562,13.333460291657616,648,1628,2276,150k_1mm/seed_42/namt_3p/u_pb_soil.npz
150k_1mm,42,namt_3p,u_pb_concrete,1.0,15.44249372079028,648,1631,2279,150k_1mm/seed_42/namt_3p/u_pb_concrete.npz
150k_1mm,42,namt_3p,u_explosive_soil,0.8924575617283951,1.6946952031264375,648,1632,2280,150k_1mm/seed_42/namt_3p/u_explosive_soil.npz
150k_1mm,42,namt_3p,u_explosive_concrete,0.9366006615648962,1.9319553478999554,648,1631,2279,150k_1mm/seed_42/namt_3p/u_explosive_concrete.npz
150k_1mm,42,namt_3p,u_void_soil,0.983458453350268,3.327216560552262,648,1633,2281,150k_1mm/seed_42/namt_3p/u_void_soil.npz
150k_1mm,42,namt_3p,u_void_concrete,0.9838627570759519,3.6316049297925086,648,1637,2285,150k_1mm/seed_42/namt_3p/u_void_concrete.npz
150k_1mm,42,namt_4p,u_pb_soil,1.0,15.323264627344598,648,1628,2276,150k_1mm/seed_42/namt_4p/u_pb_soil.npz
150k_1mm,42,namt_4p,u_pb_concrete,0.9999886459113927,14.742545742047687,648,1631,2279,150k_1mm/seed_42/namt_4p/u_pb_concrete.npz
150k_1mm,42,namt_4p,u_explosive_soil,0.8802934368191722,1.6323730113390351,648,1632,2280,150k_1mm/seed_42/namt_4p/u_explosive_soil.npz
150k_1mm,42,namt_4p,u_explosive_concrete,0.9463519313304721,2.148013045653016,648,1631,2279,150k_1mm/seed_42/namt_4p/u_explosive_concrete.npz
150k_1mm,42,namt_4p,u_void_soil,0.9829953958857817,3.8328310317334924,648,1633,2281,150k_1mm/seed_42/namt_4p/u_void_soil.npz
150k_1mm,42,namt_4p,u_void_concrete,0.9848639109482115,4.223539294121104,648,1637,2285,150k_1mm/seed_42/namt_4p/u_void_concrete.npz
150k_1mm,43,poca,u_pb_soil,0.966974749507962,2.896780018973416,648,1656,2304,150k_1mm/seed_43/poca/u_pb_soil.npz
150k_1mm,43,poca,u_pb_concrete,0.962380531699171,2.5515647268581,648,1656,2304,150k_1mm/seed_43/poca/u_pb_concrete.npz
150k_1mm,43,poca,u_explosive_soil,0.5249988817319735,0.16737457801471017,648,1656,2304,150k_1mm/seed_43/poca/u_explosive_soil.npz
150k_1mm,43,poca,u_explosive_concrete,0.5886203423967774,0.2883803806131786,648,1655,2303,150k_1mm/seed_43/poca/u_explosive_concrete.npz
150k_1mm,43,poca,u_void_soil,0.659191044909644,0.3169532975200406,648,1656,2304,150k_1mm/seed_43/poca/u_void_soil.npz
150k_1mm,43,poca,u_void_concrete,0.6758270858975793,0.4591567549740961,648,1655,2303,150k_1mm/seed_43/poca/u_void_concrete.npz
150k_1mm,43,asr_q75,u_pb_soil,0.9999617925090952,6.271293649133151,648,1656,2304,150k_1mm/seed_43/asr_q75/u_pb_soil.npz
150k_1mm,43,asr_q75,u_pb_concrete,0.9998237663645518,5.88193516241988,648,1655,2303,150k_1mm/seed_43/asr_q75/u_pb_concrete.npz
150k_1mm,43,asr_q75,u_explosive_soil,0.5915311698574581,0.22186202807892355,648,1656,2304,150k_1mm/seed_43/asr_q75/u_explosive_soil.npz
150k_1mm,43,asr_q75,u_explosive_concrete,0.6957759874678303,0.45093874782738147,648,1655,2303,150k_1mm/seed_43/asr_q75/u_explosive_concrete.npz
150k_1mm,43,asr_q75,u_void_soil,0.908803378660464,1.3546482388612406,648,1656,2304,150k_1mm/seed_43/asr_q75/u_void_soil.npz
150k_1mm,43,asr_q75,u_void_concrete,0.896994468300829,1.230125100414147,648,1656,2304,150k_1mm/seed_43/asr_q75/u_void_concrete.npz
150k_1mm,43,mlsd_median,u_pb_soil,0.998779224071092,5.645841607310024,648,1656,2304,150k_1mm/seed_43/mlsd_median/u_pb_soil.npz
150k_1mm,43,mlsd_median,u_pb_concrete,0.9985108397447366,5.4879939932326725,648,1656,2304,150k_1mm/seed_43/mlsd_median/u_pb_concrete.npz
150k_1mm,43,mlsd_median,u_explosive_soil,0.6898278612751237,0.5162280664857113,648,1656,2304,150k_1mm/seed_43/mlsd_median/u_explosive_soil.npz
150k_1mm,43,mlsd_median,u_explosive_concrete,0.8100118536410807,0.7845658591272976,648,1656,2304,150k_1mm/seed_43/mlsd_median/u_explosive_concrete.npz
150k_1mm,43,mlsd_median,u_void_soil,0.9044486565873442,0.9969928941060963,648,1656,2304,150k_1mm/seed_43/mlsd_median/u_void_soil.npz
150k_1mm,43,mlsd_median,u_void_concrete,0.9113190481518779,1.0289360523532787,648,1655,2303,150k_1mm/seed_43/mlsd_median/u_void_concrete.npz
150k_1mm,43,namt_3p,u_pb_soil,1.0,12.932079749670482,648,1637,2285,150k_1mm/seed_43/namt_3p/u_pb_soil.npz
150k_1mm,43,namt_3p,u_pb_concrete,0.9999971718817168,13.194907371746844,648,1637,2285,150k_1mm/seed_43/namt_3p/u_pb_concrete.npz
150k_1mm,43,namt_3p,u_explosive_soil,0.9030381352722866,1.6834511919655242,648,1630,2278,150k_1mm/seed_43/namt_3p/u_explosive_soil.npz
150k_1mm,43,namt_3p,u_explosive_concrete,0.9588723220769789,2.6549977343704843,648,1632,2280,150k_1mm/seed_43/namt_3p/u_explosive_concrete.npz
150k_1mm,43,namt_3p,u_void_soil,0.9817156171322838,2.9373266032855305,648,1628,2276,150k_1mm/seed_43/namt_3p/u_void_soil.npz
150k_1mm,43,namt_3p,u_void_concrete,0.9778595272157504,2.869573101904699,648,1631,2279,150k_1mm/seed_43/namt_3p/u_void_concrete.npz
150k_1mm,43,namt_4p,u_pb_soil,0.9999981145878112,13.279006525789843,648,1637,2285,150k_1mm/seed_43/namt_4p/u_pb_soil.npz
150k_1mm,43,namt_4p,u_pb_concrete,1.0,14.682586690249927,648,1637,2285,150k_1mm/seed_43/namt_4p/u_pb_concrete.npz
150k_1mm,43,namt_4p,u_explosive_soil,0.9153923350753617,1.7446658527299026,648,1630,2278,150k_1mm/seed_43/namt_4p/u_explosive_soil.npz
150k_1mm,43,namt_4p,u_explosive_concrete,0.9570747473372064,2.6220189646411423,648,1632,2280,150k_1mm/seed_43/namt_4p/u_explosive_concrete.npz
150k_1mm,43,namt_4p,u_void_soil,0.9865405177905178,3.336933884156027,648,1628,2276,150k_1mm/seed_43/namt_4p/u_void_soil.npz
150k_1mm,43,namt_4p,u_void_concrete,0.9874802249623422,3.796002770575566,648,1631,2279,150k_1mm/seed_43/namt_4p/u_void_concrete.npz
150k_1mm,44,poca,u_pb_soil,0.966183574879227,3.0041669455618645,648,1656,2304,150k_1mm/seed_44/poca/u_pb_soil.npz
150k_1mm,44,poca,u_pb_concrete,0.9665824238086718,2.1628210050461347,648,1656,2304,150k_1mm/seed_44/poca/u_pb_concrete.npz
150k_1mm,44,poca,u_explosive_soil,0.5323533577861275,0.22395990545845845,648,1656,2304,150k_1mm/seed_44/poca/u_explosive_soil.npz
150k_1mm,44,poca,u_explosive_concrete,0.5780718822687422,0.294329072729757,648,1656,2304,150k_1mm/seed_44/poca/u_explosive_concrete.npz
150k_1mm,44,poca,u_void_soil,0.6491234940882473,0.35801537268253675,648,1655,2303,150k_1mm/seed_44/poca/u_void_soil.npz
150k_1mm,44,poca,u_void_concrete,0.6807298189896821,0.39490793975035854,648,1656,2304,150k_1mm/seed_44/poca/u_void_concrete.npz
150k_1mm,44,asr_q75,u_pb_soil,0.9999421879079482,6.239250759447448,648,1655,2303,150k_1mm/seed_44/asr_q75/u_pb_soil.npz
150k_1mm,44,asr_q75,u_pb_concrete,0.9998294641259617,6.00767425424873,648,1656,2304,150k_1mm/seed_44/asr_q75/u_pb_concrete.npz
150k_1mm,44,asr_q75,u_explosive_soil,0.6172531796650629,0.2283958518314709,648,1655,2303,150k_1mm/seed_44/asr_q75/u_explosive_soil.npz
150k_1mm,44,asr_q75,u_explosive_concrete,0.6774747271426015,0.3804145814758074,648,1656,2304,150k_1mm/seed_44/asr_q75/u_explosive_concrete.npz
150k_1mm,44,asr_q75,u_void_soil,0.8646094262539512,1.1323963726301947,648,1656,2304,150k_1mm/seed_44/asr_q75/u_void_soil.npz
150k_1mm,44,asr_q75,u_void_concrete,0.8934327328335385,1.135053255946947,648,1655,2303,150k_1mm/seed_44/asr_q75/u_void_concrete.npz
150k_1mm,44,mlsd_median,u_pb_soil,0.9986804437287529,5.448110113982864,648,1656,2304,150k_1mm/seed_44/mlsd_median/u_pb_soil.npz
150k_1mm,44,mlsd_median,u_pb_concrete,0.9971195279417904,5.2055694380289,648,1656,2304,150k_1mm/seed_44/mlsd_median/u_pb_concrete.npz
150k_1mm,44,mlsd_median,u_explosive_soil,0.6938918336613586,0.510097663946299,648,1656,2304,150k_1mm/seed_44/mlsd_median/u_explosive_soil.npz
150k_1mm,44,mlsd_median,u_explosive_concrete,0.7476320674539274,0.6749580732528961,648,1656,2304,150k_1mm/seed_44/mlsd_median/u_explosive_concrete.npz
150k_1mm,44,mlsd_median,u_void_soil,0.8676949141170156,0.9807114149542042,648,1656,2304,150k_1mm/seed_44/mlsd_median/u_void_soil.npz
150k_1mm,44,mlsd_median,u_void_concrete,0.8932221774915011,0.9989154236357082,648,1656,2304,150k_1mm/seed_44/mlsd_median/u_void_concrete.npz
150k_1mm,44,namt_3p,u_pb_soil,0.9999981041647709,12.158771305487804,648,1628,2276,150k_1mm/seed_44/namt_3p/u_pb_soil.npz
150k_1mm,44,namt_3p,u_pb_concrete,0.9999943472165694,15.304902257790536,648,1638,2286,150k_1mm/seed_44/namt_3p/u_pb_concrete.npz
150k_1mm,44,namt_3p,u_explosive_soil,0.9225210058543392,1.9627919512445098,648,1628,2276,150k_1mm/seed_44/namt_3p/u_explosive_soil.npz
150k_1mm,44,namt_3p,u_explosive_concrete,0.96110940799782,2.812228056906973,648,1631,2279,150k_1mm/seed_44/namt_3p/u_explosive_concrete.npz
150k_1mm,44,namt_3p,u_void_soil,0.966220535282014,2.4835511209061987,648,1632,2280,150k_1mm/seed_44/namt_3p/u_void_soil.npz
150k_1mm,44,namt_3p,u_void_concrete,0.9692947597096381,3.3023725043062933,648,1631,2279,150k_1mm/seed_44/namt_3p/u_void_concrete.npz
150k_1mm,44,namt_4p,u_pb_soil,0.9999962083295416,14.792149702230505,648,1628,2276,150k_1mm/seed_44/namt_4p/u_pb_soil.npz
150k_1mm,44,namt_4p,u_pb_concrete,1.0,16.72999589439216,648,1638,2286,150k_1mm/seed_44/namt_4p/u_pb_concrete.npz
150k_1mm,44,namt_4p,u_explosive_soil,0.9175795113295113,1.9343352770667788,648,1628,2276,150k_1mm/seed_44/namt_4p/u_explosive_soil.npz
150k_1mm,44,namt_4p,u_explosive_concrete,0.967284139852094,2.8411599952548277,648,1631,2279,150k_1mm/seed_44/namt_4p/u_explosive_concrete.npz
150k_1mm,44,namt_4p,u_void_soil,0.9769454656862745,3.0757177050630267,648,1632,2280,150k_1mm/seed_44/namt_4p/u_void_soil.npz
150k_1mm,44,namt_4p,u_void_concrete,0.9802694325226514,4.114232796931812,648,1631,2279,150k_1mm/seed_44/namt_4p/u_void_concrete.npz
150k_1mm,45,poca,u_pb_soil,0.9759758752311087,3.459136386822767,648,1656,2304,150k_1mm/seed_45/poca/u_pb_soil.npz
150k_1mm,45,poca,u_pb_concrete,0.9691628272797758,3.0626312886618337,648,1656,2304,150k_1mm/seed_45/poca/u_pb_concrete.npz
150k_1mm,45,poca,u_explosive_soil,0.51639625526836,0.1754266949849928,648,1655,2303,150k_1mm/seed_45/poca/u_explosive_soil.npz
150k_1mm,45,poca,u_explosive_concrete,0.5673197351941314,0.2571957128244197,648,1656,2304,150k_1mm/seed_45/poca/u_explosive_concrete.npz
150k_1mm,45,poca,u_void_soil,0.6727407258305004,0.3241634644172285,648,1656,2304,150k_1mm/seed_45/poca/u_void_soil.npz
150k_1mm,45,poca,u_void_concrete,0.6856278329456671,0.36098592390840084,648,1656,2304,150k_1mm/seed_45/poca/u_void_concrete.npz
150k_1mm,45,asr_q75,u_pb_soil,0.9999478141587642,6.046824154885393,648,1656,2304,150k_1mm/seed_45/asr_q75/u_pb_soil.npz
150k_1mm,45,asr_q75,u_pb_concrete,0.999944086598676,5.874700638353271,648,1656,2304,150k_1mm/seed_45/asr_q75/u_pb_concrete.npz
150k_1mm,45,asr_q75,u_explosive_soil,0.5599474096452949,0.12867690056830997,648,1655,2303,150k_1mm/seed_45/asr_q75/u_explosive_soil.npz
150k_1mm,45,asr_q75,u_explosive_concrete,0.6943736208027673,0.488475131523281,648,1656,2304,150k_1mm/seed_45/asr_q75/u_explosive_concrete.npz
150k_1mm,45,asr_q75,u_void_soil,0.8940528141434486,1.2690391583513636,648,1655,2303,150k_1mm/seed_45/asr_q75/u_void_soil.npz
150k_1mm,45,asr_q75,u_void_concrete,0.8793901338939584,1.143209507741914,648,1656,2304,150k_1mm/seed_45/asr_q75/u_void_concrete.npz
150k_1mm,45,mlsd_median,u_pb_soil,0.9981157183753802,5.64640889457033,648,1656,2304,150k_1mm/seed_45/mlsd_median/u_pb_soil.npz
150k_1mm,45,mlsd_median,u_pb_concrete,0.9980679571817538,5.3077440045679385,648,1655,2303,150k_1mm/seed_45/mlsd_median/u_pb_concrete.npz
150k_1mm,45,mlsd_median,u_explosive_soil,0.7045485062101376,0.512356460850184,648,1655,2303,150k_1mm/seed_45/mlsd_median/u_explosive_soil.npz
150k_1mm,45,mlsd_median,u_explosive_concrete,0.7582351121250075,0.6271749714379682,648,1656,2304,150k_1mm/seed_45/mlsd_median/u_explosive_concrete.npz
150k_1mm,45,mlsd_median,u_void_soil,0.8879802961173734,1.0351172967883138,648,1656,2304,150k_1mm/seed_45/mlsd_median/u_void_soil.npz
150k_1mm,45,mlsd_median,u_void_concrete,0.8999671974712232,1.0219883995343528,648,1656,2304,150k_1mm/seed_45/mlsd_median/u_void_concrete.npz
150k_1mm,45,namt_3p,u_pb_soil,0.999990584442486,12.40890318414997,648,1639,2287,150k_1mm/seed_45/namt_3p/u_pb_soil.npz
150k_1mm,45,namt_3p,u_pb_concrete,0.9999915104591144,11.983418667990382,648,1636,2284,150k_1mm/seed_45/namt_3p/u_pb_concrete.npz
150k_1mm,45,namt_3p,u_explosive_soil,0.9136312777361971,1.9033285626322134,648,1633,2281,150k_1mm/seed_45/namt_3p/u_explosive_soil.npz
150k_1mm,45,namt_3p,u_explosive_concrete,0.9238979777323335,2.2178259848449886,648,1630,2278,150k_1mm/seed_45/namt_3p/u_explosive_concrete.npz
150k_1mm,45,namt_3p,u_void_soil,0.9810911680911681,2.986073248141536,648,1625,2273,150k_1mm/seed_45/namt_3p/u_void_soil.npz
150k_1mm,45,namt_3p,u_void_concrete,0.9711975308641976,2.939762389165715,648,1625,2273,150k_1mm/seed_45/namt_3p/u_void_concrete.npz
150k_1mm,45,namt_4p,u_pb_soil,0.9999887013309832,13.780093808592412,648,1639,2287,150k_1mm/seed_45/namt_4p/u_pb_soil.npz
150k_1mm,45,namt_4p,u_pb_concrete,0.9999952835883968,13.030787566795528,648,1636,2284,150k_1mm/seed_45/namt_4p/u_pb_concrete.npz
150k_1mm,45,namt_4p,u_explosive_soil,0.9033391168265632,1.8046354915002556,648,1633,2281,150k_1mm/seed_45/namt_4p/u_explosive_soil.npz
150k_1mm,45,namt_4p,u_explosive_concrete,0.9457367643717337,2.3658109849421964,648,1630,2278,150k_1mm/seed_45/namt_4p/u_explosive_concrete.npz
150k_1mm,45,namt_4p,u_void_soil,0.9828784425451093,3.3232728717433933,648,1625,2273,150k_1mm/seed_45/namt_4p/u_void_soil.npz
150k_1mm,45,namt_4p,u_void_concrete,0.9781832858499525,3.592780073938364,648,1625,2273,150k_1mm/seed_45/namt_4p/u_void_concrete.npz
150k_1mm,46,poca,u_pb_soil,0.9704011413225915,3.2951046114404594,648,1655,2303,150k_1mm/seed_46/poca/u_pb_soil.npz
150k_1mm,46,poca,u_pb_concrete,0.9709119848511958,3.2171214636361416,648,1656,2304,150k_1mm/seed_46/poca/u_pb_concrete.npz
150k_1mm,46,poca,u_explosive_soil,0.521452015963597,0.19626789158907362,648,1655,2303,150k_1mm/seed_46/poca/u_explosive_soil.npz
150k_1mm,46,poca,u_explosive_concrete,0.6130308045565694,0.33064270281444713,648,1656,2304,150k_1mm/seed_46/poca/u_explosive_concrete.npz
150k_1mm,46,poca,u_void_soil,0.663914997575622,0.41005267714180915,648,1655,2303,150k_1mm/seed_46/poca/u_void_soil.npz
150k_1mm,46,poca,u_void_concrete,0.6840205512662713,0.38565347313231907,648,1655,2303,150k_1mm/seed_46/poca/u_void_concrete.npz
150k_1mm,46,asr_q75,u_pb_soil,0.9999673641415837,6.101893592029191,648,1655,2303,150k_1mm/seed_46/asr_q75/u_pb_soil.npz
150k_1mm,46,asr_q75,u_pb_concrete,0.9997632999343949,5.826558923655594,648,1656,2304,150k_1mm/seed_46/asr_q75/u_pb_concrete.npz
150k_1mm,46,asr_q75,u_explosive_soil,0.5698985491029801,0.12996562548497348,648,1655,2303,150k_1mm/seed_46/asr_q75/u_explosive_soil.npz
150k_1mm,46,asr_q75,u_explosive_concrete,0.694283130058558,0.4639622378584305,648,1655,2303,150k_1mm/seed_46/asr_q75/u_explosive_concrete.npz
150k_1mm,46,asr_q75,u_void_soil,0.87749746525914,1.1224223925906196,648,1656,2304,150k_1mm/seed_46/asr_q75/u_void_soil.npz
150k_1mm,46,asr_q75,u_void_concrete,0.8883645334169317,1.214167188555955,648,1654,2302,150k_1mm/seed_46/asr_q75/u_void_concrete.npz
150k_1mm,46,mlsd_median,u_pb_soil,0.9984614523889448,5.544274825408139,648,1655,2303,150k_1mm/seed_46/mlsd_median/u_pb_soil.npz
150k_1mm,46,mlsd_median,u_pb_concrete,0.9973571598974176,5.38425148562534,648,1656,2304,150k_1mm/seed_46/mlsd_median/u_pb_concrete.npz
150k_1mm,46,mlsd_median,u_explosive_soil,0.6769836211009721,0.4881661309076614,648,1656,2304,150k_1mm/seed_46/mlsd_median/u_explosive_soil.npz
150k_1mm,46,mlsd_median,u_explosive_concrete,0.7913498240591639,0.738667993358512,648,1656,2304,150k_1mm/seed_46/mlsd_median/u_explosive_concrete.npz
150k_1mm,46,mlsd_median,u_void_soil,0.8892087203013689,0.9042527736144262,648,1655,2303,150k_1mm/seed_46/mlsd_median/u_void_soil.npz
150k_1mm,46,mlsd_median,u_void_concrete,0.9156978478982507,1.1107982761839679,648,1655,2303,150k_1mm/seed_46/mlsd_median/u_void_concrete.npz
150k_1mm,46,namt_3p,u_pb_soil,0.9999962176228516,12.929731406719025,648,1632,2280,150k_1mm/seed_46/namt_3p/u_pb_soil.npz
150k_1mm,46,namt_3p,u_pb_concrete,0.9999811573885647,12.932538436611939,648,1638,2286,150k_1mm/seed_46/namt_3p/u_pb_concrete.npz
150k_1mm,46,namt_3p,u_explosive_soil,0.9350108754139858,2.200637657395653,648,1629,2277,150k_1mm/seed_46/namt_3p/u_explosive_soil.npz
150k_1mm,46,namt_3p,u_explosive_concrete,0.9481954858744225,2.1661510821852494,648,1630,2278,150k_1mm/seed_46/namt_3p/u_explosive_concrete.npz
150k_1mm,46,namt_3p,u_void_soil,0.9782015676811825,3.0093132876216573,648,1627,2275,150k_1mm/seed_46/namt_3p/u_void_soil.npz
150k_1mm,46,namt_3p,u_void_concrete,0.9752320018772093,3.3439149475248895,648,1631,2279,150k_1mm/seed_46/namt_3p/u_void_concrete.npz
150k_1mm,46,namt_4p,u_pb_soil,0.9999990544057129,14.974038346641061,648,1632,2280,150k_1mm/seed_46/namt_4p/u_pb_soil.npz
150k_1mm,46,namt_4p,u_pb_concrete,0.9999905786942824,13.302396841515545,648,1638,2286,150k_1mm/seed_46/namt_4p/u_pb_concrete.npz
150k_1mm,46,namt_4p,u_explosive_soil,0.9163834132884675,2.099746096463994,648,1629,2277,150k_1mm/seed_46/namt_4p/u_explosive_soil.npz
150k_1mm,46,namt_4p,u_explosive_concrete,0.9459232750132546,2.217583174643245,648,1630,2278,150k_1mm/seed_46/namt_4p/u_explosive_concrete.npz
150k_1mm,46,namt_4p,u_void_soil,0.9820069506096959,3.7537306678018303,648,1627,2275,150k_1mm/seed_46/namt_4p/u_void_soil.npz
150k_1mm,46,namt_4p,u_void_concrete,0.9863173770541439,4.600185875344794,648,1631,2279,150k_1mm/seed_46/namt_4p/u_void_concrete.npz
100k_1mm,42,poca,u_pb_soil,0.9602296505545093,2.8999466709649226,648,1652,2300,100k_1mm/seed_42/poca/u_pb_soil.npz
100k_1mm,42,poca,u_pb_concrete,0.949909200968523,2.4165768349529695,648,1652,2300,100k_1mm/seed_42/poca/u_pb_concrete.npz
100k_1mm,42,poca,u_explosive_soil,0.4845660295427831,0.10955353842859163,648,1649,2297,100k_1mm/seed_42/poca/u_explosive_soil.npz
100k_1mm,42,poca,u_explosive_concrete,0.555248221385227,0.18446338985995162,648,1652,2300,100k_1mm/seed_42/poca/u_explosive_concrete.npz
100k_1mm,42,poca,u_void_soil,0.6081413890195903,0.3087874515285745,648,1653,2301,100k_1mm/seed_42/poca/u_void_soil.npz
100k_1mm,42,poca,u_void_concrete,0.6358146130391893,0.36806249490382476,648,1652,2300,100k_1mm/seed_42/poca/u_void_concrete.npz
100k_1mm,42,asr_q75,u_pb_soil,0.9996592428282285,5.526046677459018,648,1653,2301,100k_1mm/seed_42/asr_q75/u_pb_soil.npz
100k_1mm,42,asr_q75,u_pb_concrete,0.998657875046764,5.240142017826039,648,1650,2298,100k_1mm/seed_42/asr_q75/u_pb_concrete.npz
100k_1mm,42,asr_q75,u_explosive_soil,0.5013334531942946,-0.002807220389036843,648,1648,2296,100k_1mm/seed_42/asr_q75/u_explosive_soil.npz
100k_1mm,42,asr_q75,u_explosive_concrete,0.6304012345679012,0.3113187606429289,648,1648,2296,100k_1mm/seed_42/asr_q75/u_explosive_concrete.npz
100k_1mm,42,asr_q75,u_void_soil,0.8077844289002482,0.8019756625771812,648,1652,2300,100k_1mm/seed_42/asr_q75/u_void_soil.npz
100k_1mm,42,asr_q75,u_void_concrete,0.839179166010779,0.9216510197905504,648,1647,2295,100k_1mm/seed_42/asr_q75/u_void_concrete.npz
100k_1mm,42,mlsd_median,u_pb_soil,0.9972201658553365,5.372635397411823,648,1651,2299,100k_1mm/seed_42/mlsd_median/u_pb_soil.npz
100k_1mm,42,mlsd_median,u_pb_concrete,0.9943720977185544,4.653640248067049,648,1651,2299,100k_1mm/seed_42/mlsd_median/u_pb_concrete.npz
100k_1mm,42,mlsd_median,u_explosive_soil,0.6465787663294225,0.4141620343099605,648,1651,2299,100k_1mm/seed_42/mlsd_median/u_explosive_soil.npz
100k_1mm,42,mlsd_median,u_explosive_concrete,0.7410847148379957,0.6122613414129447,648,1651,2299,100k_1mm/seed_42/mlsd_median/u_explosive_concrete.npz
100k_1mm,42,mlsd_median,u_void_soil,0.8566356156398529,0.8351958502533712,648,1652,2300,100k_1mm/seed_42/mlsd_median/u_void_soil.npz
100k_1mm,42,mlsd_median,u_void_concrete,0.8586430962843392,0.8542440251338752,648,1652,2300,100k_1mm/seed_42/mlsd_median/u_void_concrete.npz
100k_1mm,42,namt_3p,u_pb_soil,0.9999686060292121,11.327414712254765,648,1573,2221,100k_1mm/seed_42/namt_3p/u_pb_soil.npz
100k_1mm,42,namt_3p,u_pb_concrete,0.9999737118822293,12.695296635150203,648,1585,2233,100k_1mm/seed_42/namt_3p/u_pb_concrete.npz
100k_1mm,42,namt_3p,u_explosive_soil,0.8947218489442126,1.8166109396412107,648,1571,2219,100k_1mm/seed_42/namt_3p/u_explosive_soil.npz
100k_1mm,42,namt_3p,u_explosive_concrete,0.9294848980947635,2.2057749307013466,648,1561,2209,100k_1mm/seed_42/namt_3p/u_explosive_concrete.npz
100k_1mm,42,namt_3p,u_void_soil,0.9720442736137803,3.077888590622686,648,1561,2209,100k_1mm/seed_42/namt_3p/u_void_soil.npz
100k_1mm,42,namt_3p,u_void_concrete,0.9713202051817075,3.290750256016932,648,1562,2210,100k_1mm/seed_42/namt_3p/u_void_concrete.npz
100k_1mm,42,namt_4p,u_pb_soil,0.9999862651377803,13.466795477827604,648,1573,2221,100k_1mm/seed_42/namt_4p/u_pb_soil.npz
100k_1mm,42,namt_4p,u_pb_concrete,0.9999445028624839,12.485980457894707,648,1585,2233,100k_1mm/seed_42/namt_4p/u_pb_concrete.npz
100k_1mm,42,namt_4p,u_explosive_soil,0.8730167149963458,1.5967986013597044,648,1571,2219,100k_1mm/seed_42/namt_4p/u_explosive_soil.npz
100k_1mm,42,namt_4p,u_explosive_concrete,0.9230975316550802,2.306710692547889,648,1561,2209,100k_1mm/seed_42/namt_4p/u_explosive_concrete.npz
100k_1mm,42,namt_4p,u_void_soil,0.977443036673231,3.6759666968763476,648,1561,2209,100k_1mm/seed_42/namt_4p/u_void_soil.npz
100k_1mm,42,namt_4p,u_void_concrete,0.9718645769115253,3.5977127658535153,648,1562,2210,100k_1mm/seed_42/namt_4p/u_void_concrete.npz
100k_1mm,43,poca,u_pb_soil,0.952526236433935,2.051558606356979,648,1654,2302,100k_1mm/seed_43/poca/u_pb_soil.npz
100k_1mm,43,poca,u_pb_concrete,0.9514341675815763,1.9789241740071999,648,1653,2301,100k_1mm/seed_43/poca/u_pb_concrete.npz
100k_1mm,43,poca,u_explosive_soil,0.49449120838009725,0.12525735370821114,648,1650,2298,100k_1mm/seed_43/poca/u_explosive_soil.npz
100k_1mm,43,poca,u_explosive_concrete,0.5612551440329218,0.2107032274195851,648,1650,2298,100k_1mm/seed_43/poca/u_explosive_concrete.npz
100k_1mm,43,poca,u_void_soil,0.6190683162467939,0.26206072522002094,648,1651,2299,100k_1mm/seed_43/poca/u_void_soil.npz
100k_1mm,43,poca,u_void_concrete,0.638131807176535,0.34670279528532194,648,1647,2295,100k_1mm/seed_43/poca/u_void_concrete.npz
100k_1mm,43,asr_q75,u_pb_soil,0.9998402609631423,5.824522505340721,648,1652,2300,100k_1mm/seed_43/asr_q75/u_pb_soil.npz
100k_1mm,43,asr_q75,u_pb_concrete,0.9996179431859044,5.502830833336609,648,1648,2296,100k_1mm/seed_43/asr_q75/u_pb_concrete.npz
100k_1mm,43,asr_q75,u_explosive_soil,0.5465218351563611,0.08784350350033894,648,1649,2297,100k_1mm/seed_43/asr_q75/u_explosive_soil.npz
100k_1mm,43,asr_q75,u_explosive_concrete,0.6437938241639698,0.31555932661541036,648,1648,2296,100k_1mm/seed_43/asr_q75/u_explosive_concrete.npz
100k_1mm,43,asr_q75,u_void_soil,0.8282058036648432,0.9097026444960389,648,1652,2300,100k_1mm/seed_43/asr_q75/u_void_soil.npz
100k_1mm,43,asr_q75,u_void_concrete,0.8365800744040922,0.9182017185650452,648,1646,2294,100k_1mm/seed_43/asr_q75/u_void_concrete.npz
100k_1mm,43,mlsd_median,u_pb_soil,0.9980506822612085,5.4293295148743645,648,1653,2301,100k_1mm/seed_43/mlsd_median/u_pb_soil.npz
100k_1mm,43,mlsd_median,u_pb_concrete,0.9977840849717109,5.18324633664526,648,1654,2302,100k_1mm/seed_43/mlsd_median/u_pb_concrete.npz
100k_1mm,43,mlsd_median,u_explosive_soil,0.6693413142271036,0.4906636096811744,648,1649,2297,100k_1mm/seed_43/mlsd_median/u_explosive_soil.npz
100k_1mm,43,mlsd_median,u_explosive_concrete,0.8000710811821923,0.7208758902631134,648,1650,2298,100k_1mm/seed_43/mlsd_median/u_explosive_concrete.npz
100k_1mm,43,mlsd_median,u_void_soil,0.8554635798730287,0.8144749827061506,648,1651,2299,100k_1mm/seed_43/mlsd_median/u_void_soil.npz
100k_1mm,43,mlsd_median,u_void_concrete,0.8921588457389428,0.8572174710457344,648,1648,2296,100k_1mm/seed_43/mlsd_median/u_void_concrete.npz
100k_1mm,43,namt_3p,u_pb_soil,0.9999990245196735,11.278583496498952,648,1582,2230,100k_1mm/seed_43/namt_3p/u_pb_soil.npz
100k_1mm,43,namt_3p,u_pb_concrete,0.9999462466477455,10.579799475076896,648,1579,2227,100k_1mm/seed_43/namt_3p/u_pb_concrete.npz
100k_1mm,43,namt_3p,u_explosive_soil,0.8650792246599041,1.464233578511934,648,1570,2218,100k_1mm/seed_43/namt_3p/u_explosive_soil.npz
100k_1mm,43,namt_3p,u_explosive_concrete,0.9346274222285291,2.5632531320204075,648,1566,2214,100k_1mm/seed_43/namt_3p/u_explosive_concrete.npz
100k_1mm,43,namt_3p,u_void_soil,0.9747529290497211,3.064825113540974,648,1569,2217,100k_1mm/seed_43/namt_3p/u_void_soil.npz
100k_1mm,43,namt_3p,u_void_concrete,0.9639582643520489,2.727814847707396,648,1566,2214,100k_1mm/seed_43/namt_3p/u_void_concrete.npz
100k_1mm,43,namt_4p,u_pb_soil,0.9999902451967349,11.582755321608435,648,1582,2230,100k_1mm/seed_43/namt_4p/u_pb_soil.npz
100k_1mm,43,namt_4p,u_pb_concrete,0.9999921813305812,11.27716771378537,648,1579,2227,100k_1mm/seed_43/namt_4p/u_pb_concrete.npz
100k_1mm,43,namt_4p,u_explosive_soil,0.8525015726979633,1.3876037215844086,648,1570,2218,100k_1mm/seed_43/namt_4p/u_explosive_soil.npz
100k_1mm,43,namt_4p,u_explosive_concrete,0.9324210065749019,2.5019145588257707,648,1566,2214,100k_1mm/seed_43/namt_4p/u_explosive_concrete.npz
100k_1mm,43,namt_4p,u_void_soil,0.9773898606488366,3.3416772132018293,648,1569,2217,100k_1mm/seed_43/namt_4p/u_void_soil.npz
100k_1mm,43,namt_4p,u_void_concrete,0.978316225974804,3.371900228485153,648,1566,2214,100k_1mm/seed_43/namt_4p/u_void_concrete.npz
100k_1mm,44,poca,u_pb_soil,0.9608975652407856,2.506041905968376,648,1652,2300,100k_1mm/seed_44/poca/u_pb_soil.npz
100k_1mm,44,poca,u_pb_concrete,0.9562912892715153,2.826045486498858,648,1652,2300,100k_1mm/seed_44/poca/u_pb_concrete.npz
100k_1mm,44,poca,u_explosive_soil,0.5002274105518496,0.175693473820809,648,1649,2297,100k_1mm/seed_44/poca/u_explosive_soil.npz
100k_1mm,44,poca,u_explosive_concrete,0.5380462384142561,0.23654777478280886,648,1653,2301,100k_1mm/seed_44/poca/u_explosive_concrete.npz
100k_1mm,44,poca,u_void_soil,0.6134418064149703,0.294565932303837,648,1652,2300,100k_1mm/seed_44/poca/u_void_soil.npz
100k_1mm,44,poca,u_void_concrete,0.6187131256028894,0.2471237088676194,648,1651,2299,100k_1mm/seed_44/poca/u_void_concrete.npz
100k_1mm,44,asr_q75,u_pb_soil,0.9998062799002763,5.711011391757243,648,1649,2297,100k_1mm/seed_44/asr_q75/u_pb_soil.npz
100k_1mm,44,asr_q75,u_pb_concrete,0.9996165300729992,5.533236003531763,648,1654,2302,100k_1mm/seed_44/asr_q75/u_pb_concrete.npz
100k_1mm,44,asr_q75,u_explosive_soil,0.5332136596548004,0.045050221902757544,648,1648,2296,100k_1mm/seed_44/asr_q75/u_explosive_soil.npz
100k_1mm,44,asr_q75,u_explosive_concrete,0.6460013176710164,0.2863344441876657,648,1649,2297,100k_1mm/seed_44/asr_q75/u_explosive_concrete.npz
100k_1mm,44,asr_q75,u_void_soil,0.7969824785463019,0.8043126464465243,648,1653,2301,100k_1mm/seed_44/asr_q75/u_void_soil.npz
100k_1mm,44,asr_q75,u_void_concrete,0.8353887575518781,0.9681267696943,648,1645,2293,100k_1mm/seed_44/asr_q75/u_void_concrete.npz
100k_1mm,44,mlsd_median,u_pb_soil,0.996540855827579,4.887104170141337,648,1652,2300,100k_1mm/seed_44/mlsd_median/u_pb_soil.npz
100k_1mm,44,mlsd_median,u_pb_concrete,0.9955673560230931,4.7269680849436035,648,1653,2301,100k_1mm/seed_44/mlsd_median/u_pb_concrete.npz
100k_1mm,44,mlsd_median,u_explosive_soil,0.6935194537972316,0.5304511407908632,648,1650,2298,100k_1mm/seed_44/mlsd_median/u_explosive_soil.npz
100k_1mm,44,mlsd_median,u_explosive_concrete,0.7494896471274424,0.6648982298196376,648,1651,2299,100k_1mm/seed_44/mlsd_median/u_explosive_concrete.npz
100k_1mm,44,mlsd_median,u_void_soil,0.8379415035753206,0.8589870477493164,648,1654,2302,100k_1mm/seed_44/mlsd_median/u_void_soil.npz
100k_1mm,44,mlsd_median,u_void_concrete,0.8608490742612432,0.8220668697154864,648,1649,2297,100k_1mm/seed_44/mlsd_median/u_void_concrete.npz
100k_1mm,44,namt_3p,u_pb_soil,0.9999941322818382,11.898936236880427,648,1578,2226,100k_1mm/seed_44/namt_3p/u_pb_soil.npz
100k_1mm,44,namt_3p,u_pb_concrete,0.9999883016307527,12.017451271802983,648,1583,2231,100k_1mm/seed_44/namt_3p/u_pb_concrete.npz
100k_1mm,44,namt_3p,u_explosive_soil,0.8935745102199589,1.727900484671359,648,1571,2219,100k_1mm/seed_44/namt_3p/u_explosive_soil.npz
100k_1mm,44,namt_3p,u_explosive_concrete,0.9379977146357553,2.3475907400468374,648,1572,2220,100k_1mm/seed_44/namt_3p/u_explosive_concrete.npz
100k_1mm,44,namt_3p,u_void_soil,0.9529926650752008,2.5011063156185416,648,1567,2215,100k_1mm/seed_44/namt_3p/u_void_soil.npz
100k_1mm,44,namt_3p,u_void_concrete,0.9505520778994957,3.084009714475601,648,1562,2210,100k_1mm/seed_44/namt_3p/u_void_concrete.npz
100k_1mm,44,namt_4p,u_pb_soil,0.9999892425167034,12.65154408841602,648,1578,2226,100k_1mm/seed_44/namt_4p/u_pb_soil.npz
100k_1mm,44,namt_4p,u_pb_concrete,0.9999892764948566,12.13067880562667,648,1583,2231,100k_1mm/seed_44/namt_4p/u_pb_concrete.npz
100k_1mm,44,namt_4p,u_explosive_soil,0.8763781817038766,1.4846253528965205,648,1571,2219,100k_1mm/seed_44/namt_4p/u_explosive_soil.npz
100k_1mm,44,namt_4p,u_explosive_concrete,0.9366704756070744,2.295470822440792,648,1572,2220,100k_1mm/seed_44/namt_4p/u_explosive_concrete.npz
100k_1mm,44,namt_4p,u_void_soil,0.9630062949569438,2.9158153947275394,648,1567,2215,100k_1mm/seed_44/namt_4p/u_void_soil.npz
100k_1mm,44,namt_4p,u_void_concrete,0.970319391094039,3.8732641981255393,648,1562,2210,100k_1mm/seed_44/namt_4p/u_void_concrete.npz
100k_1mm,45,poca,u_pb_soil,0.9683146877709025,2.920893580013613,648,1652,2300,100k_1mm/seed_45/poca/u_pb_soil.npz
100k_1mm,45,poca,u_pb_concrete,0.9571212121212122,2.7613778806229337,648,1650,2298,100k_1mm/seed_45/poca/u_pb_concrete.npz
100k_1mm,45,poca,u_explosive_soil,0.4868106995884774,0.11061552994512738,648,1650,2298,100k_1mm/seed_45/poca/u_explosive_soil.npz
100k_1mm,45,poca,u_explosive_concrete,0.5378730201382358,0.17902157513581024,648,1654,2302,100k_1mm/seed_45/poca/u_explosive_concrete.npz
100k_1mm,45,poca,u_void_soil,0.6362751472214749,0.26221632917259186,648,1652,2300,100k_1mm/seed_45/poca/u_void_soil.npz
100k_1mm,45,poca,u_void_concrete,0.6437048648567661,0.42686030668583724,648,1648,2296,100k_1mm/seed_45/poca/u_void_concrete.npz
100k_1mm,45,asr_q75,u_pb_soil,0.9998124636123427,5.7824809750374895,648,1654,2302,100k_1mm/seed_45/asr_q75/u_pb_soil.npz
100k_1mm,45,asr_q75,u_pb_concrete,0.9993670318836683,5.239408158004518,648,1653,2301,100k_1mm/seed_45/asr_q75/u_pb_concrete.npz
100k_1mm,45,asr_q75,u_explosive_soil,0.5155385270327799,0.016463846567747104,648,1653,2301,100k_1mm/seed_45/asr_q75/u_explosive_soil.npz
100k_1mm,45,asr_q75,u_explosive_concrete,0.6415537534303939,0.32571759497369007,648,1651,2299,100k_1mm/seed_45/asr_q75/u_explosive_concrete.npz
100k_1mm,45,asr_q75,u_void_soil,0.8263111665468057,0.9090471302850412,648,1648,2296,100k_1mm/seed_45/asr_q75/u_void_soil.npz
100k_1mm,45,asr_q75,u_void_concrete,0.8166153828813597,0.8658028393528865,648,1643,2291,100k_1mm/seed_45/asr_q75/u_void_concrete.npz
100k_1mm,45,mlsd_median,u_pb_soil,0.9972087705138553,5.2316288501972865,648,1652,2300,100k_1mm/seed_45/mlsd_median/u_pb_soil.npz
100k_1mm,45,mlsd_median,u_pb_concrete,0.9976220921102811,5.1048542131937555,648,1651,2299,100k_1mm/seed_45/mlsd_median/u_pb_concrete.npz
100k_1mm,45,mlsd_median,u_explosive_soil,0.6842850573165534,0.5004349883144377,648,1651,2299,100k_1mm/seed_45/mlsd_median/u_explosive_soil.npz
100k_1mm,45,mlsd_median,u_explosive_concrete,0.7217392685259917,0.5612877733307132,648,1652,2300,100k_1mm/seed_45/mlsd_median/u_explosive_concrete.npz
100k_1mm,45,mlsd_median,u_void_soil,0.8502581062971198,0.9176121079157077,648,1649,2297,100k_1mm/seed_45/mlsd_median/u_void_soil.npz
100k_1mm,45,mlsd_median,u_void_concrete,0.8617532584068017,0.7057568328404328,648,1651,2299,100k_1mm/seed_45/mlsd_median/u_void_concrete.npz
100k_1mm,45,namt_3p,u_pb_soil,0.9999279510846283,10.379501309245919,648,1585,2233,100k_1mm/seed_45/namt_3p/u_pb_soil.npz
100k_1mm,45,namt_3p,u_pb_concrete,0.9998848205152232,9.455602229151333,648,1581,2229,100k_1mm/seed_45/namt_3p/u_pb_concrete.npz
100k_1mm,45,namt_3p,u_explosive_soil,0.8655951734611178,1.581387298123507,648,1569,2217,100k_1mm/seed_45/namt_3p/u_explosive_soil.npz
100k_1mm,45,namt_3p,u_explosive_concrete,0.9084381773631137,1.910937186010837,648,1572,2220,100k_1mm/seed_45/namt_3p/u_explosive_concrete.npz
100k_1mm,45,namt_3p,u_void_soil,0.9766848848421619,3.224786460967236,648,1562,2210,100k_1mm/seed_45/namt_3p/u_void_soil.npz
100k_1mm,45,namt_3p,u_void_concrete,0.9585515249611222,2.9090332695459127,648,1556,2204,100k_1mm/seed_45/namt_3p/u_void_concrete.npz
100k_1mm,45,namt_4p,u_pb_soil,0.9999221092806793,11.329895765171578,648,1585,2233,100k_1mm/seed_45/namt_4p/u_pb_soil.npz
100k_1mm,45,namt_4p,u_pb_concrete,0.9999629083015126,9.862680069282481,648,1581,2229,100k_1mm/seed_45/namt_4p/u_pb_concrete.npz
100k_1mm,45,namt_4p,u_explosive_soil,0.8564942677965834,1.498548939173003,648,1569,2217,100k_1mm/seed_45/namt_4p/u_explosive_soil.npz
100k_1mm,45,namt_4p,u_explosive_concrete,0.914672863066629,1.840099505169876,648,1572,2220,100k_1mm/seed_45/namt_4p/u_explosive_concrete.npz
100k_1mm,45,namt_4p,u_void_soil,0.9795262879183066,3.452784078475344,648,1562,2210,100k_1mm/seed_45/namt_4p/u_void_soil.npz
100k_1mm,45,namt_4p,u_void_concrete,0.9701008045320385,3.6044150307908374,648,1556,2204,100k_1mm/seed_45/namt_4p/u_void_concrete.npz
100k_1mm,46,poca,u_pb_soil,0.9605332481391804,2.4546840397837313,648,1652,2300,100k_1mm/seed_46/poca/u_pb_soil.npz
100k_1mm,46,poca,u_pb_concrete,0.9643671533282577,2.9389671069224046,648,1654,2302,100k_1mm/seed_46/poca/u_pb_concrete.npz
100k_1mm,46,poca,u_explosive_soil,0.5093042617343954,0.1498480138837122,648,1646,2294,100k_1mm/seed_46/poca/u_explosive_soil.npz
100k_1mm,46,poca,u_explosive_concrete,0.5607701867526536,0.2524770880783076,648,1654,2302,100k_1mm/seed_46/poca/u_explosive_concrete.npz
100k_1mm,46,poca,u_void_soil,0.6174910237094006,0.25248573100878463,648,1647,2295,100k_1mm/seed_46/poca/u_void_soil.npz
100k_1mm,46,poca,u_void_concrete,0.6449652777777778,0.3432726051051303,648,1648,2296,100k_1mm/seed_46/poca/u_void_concrete.npz
100k_1mm,46,asr_q75,u_pb_soil,0.9998907048695185,5.702943540402683,648,1652,2300,100k_1mm/seed_46/asr_q75/u_pb_soil.npz
100k_1mm,46,asr_q75,u_pb_concrete,0.9996349697146228,5.490106581731045,648,1653,2301,100k_1mm/seed_46/asr_q75/u_pb_concrete.npz
100k_1mm,46,asr_q75,u_explosive_soil,0.5307659337121637,0.05516863409789689,648,1649,2297,100k_1mm/seed_46/asr_q75/u_explosive_soil.npz
100k_1mm,46,asr_q75,u_explosive_concrete,0.6437688447864632,0.32541364566842124,648,1646,2294,100k_1mm/seed_46/asr_q75/u_explosive_concrete.npz
100k_1mm,46,asr_q75,u_void_soil,0.8348831140548496,0.8757498929540675,648,1644,2292,100k_1mm/seed_46/asr_q75/u_void_soil.npz
100k_1mm,46,asr_q75,u_void_concrete,0.8435961466517022,0.9443694339929007,648,1650,2298,100k_1mm/seed_46/asr_q75/u_void_concrete.npz
100k_1mm,46,mlsd_median,u_pb_soil,0.9974591217529071,5.264138608005266,648,1652,2300,100k_1mm/seed_46/mlsd_median/u_pb_soil.npz
100k_1mm,46,mlsd_median,u_pb_concrete,0.9958645705121032,5.057240182977158,648,1655,2303,100k_1mm/seed_46/mlsd_median/u_pb_concrete.npz
100k_1mm,46,mlsd_median,u_explosive_soil,0.6850614283785608,0.5037917689917873,648,1646,2294,100k_1mm/seed_46/mlsd_median/u_explosive_soil.npz
100k_1mm,46,mlsd_median,u_explosive_concrete,0.7637301800691597,0.6428689365339629,648,1653,2301,100k_1mm/seed_46/mlsd_median/u_explosive_concrete.npz
100k_1mm,46,mlsd_median,u_void_soil,0.873218004614647,0.8677748104798043,648,1648,2296,100k_1mm/seed_46/mlsd_median/u_void_soil.npz
100k_1mm,46,mlsd_median,u_void_concrete,0.8889019907313823,0.9627470523735224,648,1649,2297,100k_1mm/seed_46/mlsd_median/u_void_concrete.npz
100k_1mm,46,namt_3p,u_pb_soil,0.9999872461993674,12.087851957427185,648,1573,2221,100k_1mm/seed_46/namt_3p/u_pb_soil.npz
100k_1mm,46,namt_3p,u_pb_concrete,0.9999088192385523,11.067743287236533,648,1574,2222,100k_1mm/seed_46/namt_3p/u_pb_concrete.npz
100k_1mm,46,namt_3p,u_explosive_soil,0.9187150882003041,2.1651503824978553,648,1567,2215,100k_1mm/seed_46/namt_3p/u_explosive_soil.npz
100k_1mm,46,namt_3p,u_explosive_concrete,0.9146608875031494,2.1037834688401333,648,1568,2216,100k_1mm/seed_46/namt_3p/u_explosive_concrete.npz
100k_1mm,46,namt_3p,u_void_soil,0.9546653712787216,2.74690115716134,648,1563,2211,100k_1mm/seed_46/namt_3p/u_void_soil.npz
100k_1mm,46,namt_3p,u_void_concrete,0.9678976801497595,3.5389850096292728,648,1563,2211,100k_1mm/seed_46/namt_3p/u_void_concrete.npz
100k_1mm,46,namt_4p,u_pb_soil,0.9999950946920644,12.815996045586372,648,1573,2221,100k_1mm/seed_46/namt_4p/u_pb_soil.npz
100k_1mm,46,namt_4p,u_pb_concrete,0.9999382323874064,11.221101931599835,648,1574,2222,100k_1mm/seed_46/namt_4p/u_pb_concrete.npz
100k_1mm,46,namt_4p,u_explosive_soil,0.9007431436967706,2.005725562854994,648,1567,2215,100k_1mm/seed_46/namt_4p/u_explosive_soil.npz
100k_1mm,46,namt_4p,u_explosive_concrete,0.9152661643361049,2.2146200905869966,648,1568,2216,100k_1mm/seed_46/namt_4p/u_explosive_concrete.npz
100k_1mm,46,namt_4p,u_void_soil,0.9697627623358056,3.159285681324565,648,1563,2211,100k_1mm/seed_46/namt_4p/u_void_soil.npz
100k_1mm,46,namt_4p,u_void_concrete,0.9747991753749912,4.317256100425114,648,1563,2211,100k_1mm/seed_46/namt_4p/u_void_concrete.npz
50k_1mm,42,poca,u_pb_soil,0.9415030307220724,1.8839171038240945,648,1607,2255,50k_1mm/seed_42/poca/u_pb_soil.npz
50k_1mm,42,poca,u_pb_concrete,0.9345447530864197,1.169869567455857,648,1600,2248,50k_1mm/seed_42/poca/u_pb_concrete.npz
50k_1mm,42,poca,u_explosive_soil,0.42863066037370284,0.02331706755822989,648,1593,2241,50k_1mm/seed_42/poca/u_explosive_soil.npz
50k_1mm,42,poca,u_explosive_concrete,0.4700147359138587,0.08424634349626381,648,1596,2244,50k_1mm/seed_42/poca/u_explosive_concrete.npz
50k_1mm,42,poca,u_void_soil,0.5233866793368254,0.1757137820618915,648,1598,2246,50k_1mm/seed_42/poca/u_void_soil.npz
50k_1mm,42,poca,u_void_concrete,0.5416656967044564,0.22361443680997764,648,1591,2239,50k_1mm/seed_42/poca/u_void_concrete.npz
50k_1mm,42,asr_q75,u_pb_soil,0.9988066871785382,4.701477940268982,648,1601,2249,50k_1mm/seed_42/asr_q75/u_pb_soil.npz
50k_1mm,42,asr_q75,u_pb_concrete,0.9980278499177214,4.336862959209364,648,1583,2231,50k_1mm/seed_42/asr_q75/u_pb_concrete.npz
50k_1mm,42,asr_q75,u_explosive_soil,0.46391128247069363,-0.08494437377579515,648,1585,2233,50k_1mm/seed_42/asr_q75/u_explosive_soil.npz
50k_1mm,42,asr_q75,u_explosive_concrete,0.5718267564816757,0.17116324945312364,648,1589,2237,50k_1mm/seed_42/asr_q75/u_explosive_concrete.npz
50k_1mm,42,asr_q75,u_void_soil,0.6878510851366787,0.4708368756072152,648,1578,2226,50k_1mm/seed_42/asr_q75/u_void_soil.npz
50k_1mm,42,asr_q75,u_void_concrete,0.7421958231497149,0.595261814393055,648,1576,2224,50k_1mm/seed_42/asr_q75/u_void_concrete.npz
50k_1mm,42,mlsd_median,u_pb_soil,0.9909803696035581,4.515376365258181,648,1610,2258,50k_1mm/seed_42/mlsd_median/u_pb_soil.npz
50k_1mm,42,mlsd_median,u_pb_concrete,0.9864147407870081,3.8572622945511097,648,1601,2249,50k_1mm/seed_42/mlsd_median/u_pb_concrete.npz
50k_1mm,42,mlsd_median,u_explosive_soil,0.6576874642686074,0.4242315701759565,648,1598,2246,50k_1mm/seed_42/mlsd_median/u_explosive_soil.npz
50k_1mm,42,mlsd_median,u_explosive_concrete,0.6840019611022321,0.48747162570281816,648,1599,2247,50k_1mm/seed_42/mlsd_median/u_explosive_concrete.npz
50k_1mm,42,mlsd_median,u_void_soil,0.797292165570048,0.6792141100271634,648,1593,2241,50k_1mm/seed_42/mlsd_median/u_void_soil.npz
50k_1mm,42,mlsd_median,u_void_concrete,0.8133092913410175,0.8124101580860128,648,1597,2245,50k_1mm/seed_42/mlsd_median/u_void_concrete.npz
50k_1mm,42,namt_3p,u_pb_soil,0.9998382019827612,9.824909161878262,648,1259,1907,50k_1mm/seed_42/namt_3p/u_pb_soil.npz
50k_1mm,42,namt_3p,u_pb_concrete,0.9988962883505657,8.97718843751252,648,1243,1891,50k_1mm/seed_42/namt_3p/u_pb_concrete.npz
50k_1mm,42,namt_3p,u_explosive_soil,0.745462885866716,0.9991872882280969,648,1201,1849,50k_1mm/seed_42/namt_3p/u_explosive_soil.npz
50k_1mm,42,namt_3p,u_explosive_concrete,0.8584389758886403,1.5880669860475816,648,1192,1840,50k_1mm/seed_42/namt_3p/u_explosive_concrete.npz
50k_1mm,42,namt_3p,u_void_soil,0.9184794889176475,2.333248235092781,648,1202,1850,50k_1mm/seed_42/namt_3p/u_void_soil.npz
50k_1mm,42,namt_3p,u_void_concrete,0.890154711673699,1.8256756536428236,648,1185,1833,50k_1mm/seed_42/namt_3p/u_void_concrete.npz
50k_1mm,42,namt_4p,u_pb_soil,0.9997732376273547,9.91676287582182,648,1259,1907,50k_1mm/seed_42/namt_4p/u_pb_soil.npz
50k_1mm,42,namt_4p,u_pb_concrete,0.9993779982718036,8.624394129839372,648,1243,1891,50k_1mm/seed_42/namt_4p/u_pb_concrete.npz
50k_1mm,42,namt_4p,u_explosive_soil,0.7136761032472939,0.7848957107998868,648,1201,1849,50k_1mm/seed_42/namt_4p/u_explosive_soil.npz
50k_1mm,42,namt_4p,u_explosive_concrete,0.8364236370038943,1.531630765052105,648,1192,1840,50k_1mm/seed_42/namt_4p/u_explosive_concrete.npz
50k_1mm,42,namt_4p,u_void_soil,0.9349284114952445,2.598499780253094,648,1202,1850,50k_1mm/seed_42/namt_4p/u_void_soil.npz
50k_1mm,42,namt_4p,u_void_concrete,0.9215723811012138,2.1772973837474012,648,1185,1833,50k_1mm/seed_42/namt_4p/u_void_concrete.npz
50k_1mm,43,poca,u_pb_soil,0.9384755154244402,1.0276046049219563,648,1612,2260,50k_1mm/seed_43/poca/u_pb_soil.npz
50k_1mm,43,poca,u_pb_concrete,0.934651813271605,1.245502393392477,648,1600,2248,50k_1mm/seed_43/poca/u_pb_concrete.npz
50k_1mm,43,poca,u_explosive_soil,0.43091621801417124,0.040906700092428264,648,1596,2244,50k_1mm/seed_43/poca/u_explosive_soil.npz
50k_1mm,43,poca,u_explosive_concrete,0.48808126926592005,0.12008936032498813,648,1594,2242,50k_1mm/seed_43/poca/u_explosive_concrete.npz
50k_1mm,43,poca,u_void_soil,0.5396268026705082,0.10441200760855933,648,1594,2242,50k_1mm/seed_43/poca/u_void_soil.npz
50k_1mm,43,poca,u_void_concrete,0.5555155102359743,0.2474492217768438,648,1580,2228,50k_1mm/seed_43/poca/u_void_concrete.npz
50k_1mm,43,asr_q75,u_pb_soil,0.9993045370952348,5.078083572248098,648,1591,2239,50k_1mm/seed_43/asr_q75/u_pb_soil.npz
50k_1mm,43,asr_q75,u_pb_concrete,0.9972056704443666,4.354673669416811,648,1585,2233,50k_1mm/seed_43/asr_q75/u_pb_concrete.npz
50k_1mm,43,asr_q75,u_explosive_soil,0.4970772980555362,-0.0272941562662864,648,1593,2241,50k_1mm/seed_43/asr_q75/u_explosive_soil.npz
50k_1mm,43,asr_q75,u_explosive_concrete,0.605412055559455,0.2308436710962799,648,1583,2231,50k_1mm/seed_43/asr_q75/u_explosive_concrete.npz
50k_1mm,43,asr_q75,u_void_soil,0.7378422323480157,0.5821724361640594,648,1585,2233,50k_1mm/seed_43/asr_q75/u_void_soil.npz
50k_1mm,43,asr_q75,u_void_concrete,0.7353145208700764,0.5823078881248928,648,1575,2223,50k_1mm/seed_43/asr_q75/u_void_concrete.npz
50k_1mm,43,mlsd_median,u_pb_soil,0.994595408542995,4.854397340637506,648,1609,2257,50k_1mm/seed_43/mlsd_median/u_pb_soil.npz
50k_1mm,43,mlsd_median,u_pb_concrete,0.9911763009115034,3.967669488252538,648,1605,2253,50k_1mm/seed_43/mlsd_median/u_pb_concrete.npz
50k_1mm,43,mlsd_median,u_explosive_soil,0.6522241512345679,0.3722093390355182,648,1600,2248,50k_1mm/seed_43/mlsd_median/u_explosive_soil.npz
50k_1mm,43,mlsd_median,u_explosive_concrete,0.7367499146969415,0.5416219712338285,648,1592,2240,50k_1mm/seed_43/mlsd_median/u_explosive_concrete.npz
50k_1mm,43,mlsd_median,u_void_soil,0.7758615691458521,0.6454935035573861,648,1597,2245,50k_1mm/seed_43/mlsd_median/u_void_soil.npz
50k_1mm,43,mlsd_median,u_void_concrete,0.8186850099310667,0.7748135448468564,648,1585,2233,50k_1mm/seed_43/mlsd_median/u_void_concrete.npz
50k_1mm,43,namt_3p,u_pb_soil,0.9999279918158974,10.095973984643114,648,1243,1891,50k_1mm/seed_43/namt_3p/u_pb_soil.npz
50k_1mm,43,namt_3p,u_pb_concrete,0.9992964051123774,7.376267894094047,648,1248,1896,50k_1mm/seed_43/namt_3p/u_pb_concrete.npz
50k_1mm,43,namt_3p,u_explosive_soil,0.7036755055165907,0.650506586937047,648,1204,1852,50k_1mm/seed_43/namt_3p/u_explosive_soil.npz
50k_1mm,43,namt_3p,u_explosive_concrete,0.8094718623933184,1.3934597002370455,648,1218,1866,50k_1mm/seed_43/namt_3p/u_explosive_concrete.npz
50k_1mm,43,namt_3p,u_void_soil,0.9184997114532452,2.144503135293997,648,1198,1846,50k_1mm/seed_43/namt_3p/u_void_soil.npz
50k_1mm,43,namt_3p,u_void_concrete,0.8816753392510969,1.981637771237475,648,1210,1858,50k_1mm/seed_43/namt_3p/u_void_concrete.npz
50k_1mm,43,namt_4p,u_pb_soil,0.9999565467854553,10.392393749277645,648,1243,1891,50k_1mm/seed_43/namt_4p/u_pb_soil.npz
50k_1mm,43,namt_4p,u_pb_concrete,0.9997069385090218,8.190326758262337,648,1248,1896,50k_1mm/seed_43/namt_4p/u_pb_concrete.npz
50k_1mm,43,namt_4p,u_explosive_soil,0.6672985624051515,0.4727947832141853,648,1204,1852,50k_1mm/seed_43/namt_4p/u_explosive_soil.npz
50k_1mm,43,namt_4p,u_explosive_concrete,0.8112558028745768,1.4462918644297702,648,1218,1866,50k_1mm/seed_43/namt_4p/u_explosive_concrete.npz
50k_1mm,43,namt_4p,u_void_soil,0.9315873678352811,2.1630736540151676,648,1198,1846,50k_1mm/seed_43/namt_4p/u_void_soil.npz
50k_1mm,43,namt_4p,u_void_concrete,0.9000140291806958,2.1286723478773313,648,1210,1858,50k_1mm/seed_43/namt_4p/u_void_concrete.npz
50k_1mm,44,poca,u_pb_soil,0.9488737072486553,2.066570373312326,648,1602,2250,50k_1mm/seed_44/poca/u_pb_soil.npz
50k_1mm,44,poca,u_pb_concrete,0.9294029827655559,1.8531604136301731,648,1596,2244,50k_1mm/seed_44/poca/u_pb_concrete.npz
50k_1mm,44,poca,u_explosive_soil,0.4320466169131167,0.08184184204302897,648,1598,2246,50k_1mm/seed_44/poca/u_explosive_soil.npz
50k_1mm,44,poca,u_explosive_concrete,0.4706540133071805,0.11699591835828885,648,1605,2253,50k_1mm/seed_44/poca/u_explosive_concrete.npz
50k_1mm,44,poca,u_void_soil,0.5299702000851426,0.2056363470992259,648,1595,2243,50k_1mm/seed_44/poca/u_void_soil.npz
50k_1mm,44,poca,u_void_concrete,0.5389297442570132,0.14113677503731042,648,1594,2242,50k_1mm/seed_44/poca/u_void_concrete.npz
50k_1mm,44,asr_q75,u_pb_soil,0.9991875796871599,4.973151855764532,648,1588,2236,50k_1mm/seed_44/asr_q75/u_pb_soil.npz
50k_1mm,44,asr_q75,u_pb_concrete,0.9974747474747475,4.5774242197748976,648,1584,2232,50k_1mm/seed_44/asr_q75/u_pb_concrete.npz
50k_1mm,44,asr_q75,u_explosive_soil,0.48940096719443865,-0.031491058650575214,648,1593,2241,50k_1mm/seed_44/asr_q75/u_explosive_soil.npz
50k_1mm,44,asr_q75,u_explosive_concrete,0.5848483966146439,0.18318096158588212,648,1590,2238,50k_1mm/seed_44/asr_q75/u_explosive_concrete.npz
50k_1mm,44,asr_q75,u_void_soil,0.7232794274826897,0.5356337728811212,648,1594,2242,50k_1mm/seed_44/asr_q75/u_void_soil.npz
50k_1mm,44,asr_q75,u_void_concrete,0.7194205672592906,0.5281000757602433,648,1577,2225,50k_1mm/seed_44/asr_q75/u_void_concrete.npz
50k_1mm,44,mlsd_median,u_pb_soil,0.9955390535236465,4.6616018792424105,648,1601,2249,50k_1mm/seed_44/mlsd_median/u_pb_soil.npz
50k_1mm,44,mlsd_median,u_pb_concrete,0.9873279098873592,3.8701504165336273,648,1598,2246,50k_1mm/seed_44/mlsd_median/u_pb_concrete.npz
50k_1mm,44,mlsd_median,u_explosive_soil,0.6522653047043291,0.4002087662520377,648,1599,2247,50k_1mm/seed_44/mlsd_median/u_explosive_soil.npz
50k_1mm,44,mlsd_median,u_explosive_concrete,0.6929195601851852,0.5234684037633185,648,1600,2248,50k_1mm/seed_44/mlsd_median/u_explosive_concrete.npz
50k_1mm,44,mlsd_median,u_void_soil,0.7717521874249224,0.5423640626349557,648,1593,2241,50k_1mm/seed_44/mlsd_median/u_void_soil.npz
50k_1mm,44,mlsd_median,u_void_concrete,0.8017255716451623,0.7507840310114763,648,1596,2244,50k_1mm/seed_44/mlsd_median/u_void_concrete.npz
50k_1mm,44,namt_3p,u_pb_soil,0.9997042284198124,9.336763774111446,648,1247,1895,50k_1mm/seed_44/namt_3p/u_pb_soil.npz
50k_1mm,44,namt_3p,u_pb_concrete,0.9998742752337002,7.668888464129933,648,1252,1900,50k_1mm/seed_44/namt_3p/u_pb_concrete.npz
50k_1mm,44,namt_3p,u_explosive_soil,0.7894824905528269,1.051206173773797,648,1199,1847,50k_1mm/seed_44/namt_3p/u_explosive_soil.npz
50k_1mm,44,namt_3p,u_explosive_concrete,0.8646841862609498,1.6747194516645447,648,1205,1853,50k_1mm/seed_44/namt_3p/u_explosive_concrete.npz
50k_1mm,44,namt_3p,u_void_soil,0.8840143862871136,1.825992251109382,648,1210,1858,50k_1mm/seed_44/namt_3p/u_void_soil.npz
50k_1mm,44,namt_3p,u_void_concrete,0.890223109153745,3.011887695039116,648,1211,1859,50k_1mm/seed_44/namt_3p/u_void_concrete.npz
50k_1mm,44,namt_4p,u_pb_soil,0.9998737711247735,9.452179433756575,648,1247,1895,50k_1mm/seed_44/namt_4p/u_pb_soil.npz
50k_1mm,44,namt_4p,u_pb_concrete,0.999836064765511,7.837439244161051,648,1252,1900,50k_1mm/seed_44/namt_4p/u_pb_concrete.npz
50k_1mm,44,namt_4p,u_explosive_soil,0.7377148137851501,0.7911587294328939,648,1199,1847,50k_1mm/seed_44/namt_4p/u_explosive_soil.npz
50k_1mm,44,namt_4p,u_explosive_concrete,0.8498181445622662,1.5238861506547283,648,1205,1853,50k_1mm/seed_44/namt_4p/u_explosive_concrete.npz
50k_1mm,44,namt_4p,u_void_soil,0.9020482603815937,1.9360125375898631,648,1210,1858,50k_1mm/seed_44/namt_4p/u_void_soil.npz
50k_1mm,44,namt_4p,u_void_concrete,0.9176045712654576,3.040171627411609,648,1211,1859,50k_1mm/seed_44/namt_4p/u_void_concrete.npz
50k_1mm,45,poca,u_pb_soil,0.9498649450532514,2.3580801825413857,648,1602,2250,50k_1mm/seed_45/poca/u_pb_soil.npz
50k_1mm,45,poca,u_pb_concrete,0.935077007321631,2.0745911195512154,648,1612,2260,50k_1mm/seed_45/poca/u_pb_concrete.npz
50k_1mm,45,poca,u_explosive_soil,0.4413022576054767,0.07824588734612352,648,1605,2253,50k_1mm/seed_45/poca/u_explosive_soil.npz
50k_1mm,45,poca,u_explosive_concrete,0.46515869696547235,0.13148744665615592,648,1594,2242,50k_1mm/seed_45/poca/u_explosive_concrete.npz
50k_1mm,45,poca,u_void_soil,0.5386994024784357,0.10416400912648431,648,1593,2241,50k_1mm/seed_45/poca/u_void_soil.npz
50k_1mm,45,poca,u_void_concrete,0.5418038838253825,0.19310537251534285,648,1597,2245,50k_1mm/seed_45/poca/u_void_concrete.npz
50k_1mm,45,asr_q75,u_pb_soil,0.999053381911569,4.819551585889837,648,1596,2244,50k_1mm/seed_45/asr_q75/u_pb_soil.npz
50k_1mm,45,asr_q75,u_pb_concrete,0.9979831508657504,4.365868183908982,648,1590,2238,50k_1mm/seed_45/asr_q75/u_pb_concrete.npz
50k_1mm,45,asr_q75,u_explosive_soil,0.5296793542021149,0.08146502891124674,648,1589,2237,50k_1mm/seed_45/asr_q75/u_explosive_soil.npz
50k_1mm,45,asr_q75,u_explosive_concrete,0.5984059343434344,0.231599603504128,648,1584,2232,50k_1mm/seed_45/asr_q75/u_explosive_concrete.npz
50k_1mm,45,asr_q75,u_void_soil,0.7088804179020189,0.5363085381473022,648,1574,2222,50k_1mm/seed_45/asr_q75/u_void_soil.npz
50k_1mm,45,asr_q75,u_void_concrete,0.7809170740114056,0.7485051143038424,648,1576,2224,50k_1mm/seed_45/asr_q75/u_void_concrete.npz
50k_1mm,45,mlsd_median,u_pb_soil,0.9929378531073446,4.546425655776683,648,1593,2241,50k_1mm/seed_45/mlsd_median/u_pb_soil.npz
50k_1mm,45,mlsd_median,u_pb_concrete,0.989808304996477,3.9968116036655923,648,1612,2260,50k_1mm/seed_45/mlsd_median/u_pb_concrete.npz
50k_1mm,45,mlsd_median,u_explosive_soil,0.6742702904232585,0.45510948149514013,648,1606,2254,50k_1mm/seed_45/mlsd_median/u_explosive_soil.npz
50k_1mm,45,mlsd_median,u_explosive_concrete,0.699841806465604,0.490754053124951,648,1594,2242,50k_1mm/seed_45/mlsd_median/u_explosive_concrete.npz
50k_1mm,45,mlsd_median,u_void_soil,0.7634251465269983,0.6362043578825319,648,1584,2232,50k_1mm/seed_45/mlsd_median/u_void_soil.npz
50k_1mm,45,mlsd_median,u_void_concrete,0.8254531126871553,0.7376942686816276,648,1598,2246,50k_1mm/seed_45/mlsd_median/u_void_concrete.npz
50k_1mm,45,namt_3p,u_pb_soil,0.9997265821288168,8.641138884722464,648,1253,1901,50k_1mm/seed_45/namt_3p/u_pb_soil.npz
50k_1mm,45,namt_3p,u_pb_concrete,0.9985382716049382,7.502948252947791,648,1250,1898,50k_1mm/seed_45/namt_3p/u_pb_concrete.npz
50k_1mm,45,namt_3p,u_explosive_soil,0.8041075896580484,1.1873482709909644,648,1199,1847,50k_1mm/seed_45/namt_3p/u_explosive_soil.npz
50k_1mm,45,namt_3p,u_explosive_concrete,0.8272998385164348,1.3373356202565199,648,1185,1833,50k_1mm/seed_45/namt_3p/u_explosive_concrete.npz
50k_1mm,45,namt_3p,u_void_soil,0.9006787562112597,2.4367468536705656,648,1205,1853,50k_1mm/seed_45/namt_3p/u_void_soil.npz
50k_1mm,45,namt_3p,u_void_concrete,0.886068008989871,1.98574691046395,648,1203,1851,50k_1mm/seed_45/namt_3p/u_void_concrete.npz
50k_1mm,45,namt_4p,u_pb_soil,0.9994371533012129,8.583753574925732,648,1253,1901,50k_1mm/seed_45/namt_4p/u_pb_soil.npz
50k_1mm,45,namt_4p,u_pb_concrete,0.999362962962963,7.453288651590229,648,1250,1898,50k_1mm/seed_45/namt_4p/u_pb_concrete.npz
50k_1mm,45,namt_4p,u_explosive_soil,0.7881516490079181,0.9936160458826734,648,1199,1847,50k_1mm/seed_45/namt_4p/u_explosive_soil.npz
50k_1mm,45,namt_4p,u_explosive_concrete,0.8267112048757619,1.3005344430157473,648,1185,1833,50k_1mm/seed_45/namt_4p/u_explosive_concrete.npz
50k_1mm,45,namt_4p,u_void_soil,0.9129475948978024,2.2924057480996534,648,1205,1853,50k_1mm/seed_45/namt_4p/u_void_soil.npz
50k_1mm,45,namt_4p,u_void_concrete,0.9195747770491467,2.328128002307627,648,1203,1851,50k_1mm/seed_45/namt_4p/u_void_concrete.npz
50k_1mm,46,poca,u_pb_soil,0.9502616034731379,0.7535015291872181,648,1601,2249,50k_1mm/seed_46/poca/u_pb_soil.npz
50k_1mm,46,poca,u_pb_concrete,0.9496069182389937,2.583786871484826,648,1590,2238,50k_1mm/seed_46/poca/u_pb_concrete.npz
50k_1mm,46,poca,u_explosive_soil,0.4479438085489174,0.061393796875054245,648,1592,2240,50k_1mm/seed_46/poca/u_explosive_soil.npz
50k_1mm,46,poca,u_explosive_concrete,0.46801100829487385,0.11756773322887609,648,1597,2245,50k_1mm/seed_46/poca/u_explosive_concrete.npz
50k_1mm,46,poca,u_void_soil,0.5421965407345525,0.17465642383797184,648,1596,2244,50k_1mm/seed_46/poca/u_void_soil.npz
50k_1mm,46,poca,u_void_concrete,0.557873271140815,0.1855931248063137,648,1596,2244,50k_1mm/seed_46/poca/u_void_concrete.npz
50k_1mm,46,asr_q75,u_pb_soil,0.998807344056614,4.778622157717827,648,1598,2246,50k_1mm/seed_46/asr_q75/u_pb_soil.npz
50k_1mm,46,asr_q75,u_pb_concrete,0.997491434165443,4.49781617774599,648,1589,2237,50k_1mm/seed_46/asr_q75/u_pb_concrete.npz
50k_1mm,46,asr_q75,u_explosive_soil,0.49469649233354335,0.00010361244463110514,648,1587,2235,50k_1mm/seed_46/asr_q75/u_explosive_soil.npz
50k_1mm,46,asr_q75,u_explosive_concrete,0.5391330676668229,0.08120828933362123,648,1580,2228,50k_1mm/seed_46/asr_q75/u_explosive_concrete.npz
50k_1mm,46,asr_q75,u_void_soil,0.7722369563868726,0.6705715390210872,648,1592,2240,50k_1mm/seed_46/asr_q75/u_void_soil.npz
50k_1mm,46,asr_q75,u_void_concrete,0.7458117050130939,0.597403212717574,648,1584,2232,50k_1mm/seed_46/asr_q75/u_void_concrete.npz
50k_1mm,46,mlsd_median,u_pb_soil,0.9929899691358025,4.4458252725049645,648,1600,2248,50k_1mm/seed_46/mlsd_median/u_pb_soil.npz
50k_1mm,46,mlsd_median,u_pb_concrete,0.989068849413677,3.8241761525586258,648,1595,2243,50k_1mm/seed_46/mlsd_median/u_pb_concrete.npz
50k_1mm,46,mlsd_median,u_explosive_soil,0.6438405040378724,0.34530636334710524,648,1596,2244,50k_1mm/seed_46/mlsd_median/u_explosive_soil.npz
50k_1mm,46,mlsd_median,u_explosive_concrete,0.6670040014889261,0.45576437737787795,648,1592,2240,50k_1mm/seed_46/mlsd_median/u_explosive_concrete.npz
50k_1mm,46,mlsd_median,u_void_soil,0.8041117519437303,0.6813600753438657,648,1599,2247,50k_1mm/seed_46/mlsd_median/u_void_soil.npz
50k_1mm,46,mlsd_median,u_void_concrete,0.844826083925833,0.758338342893422,648,1594,2242,50k_1mm/seed_46/mlsd_median/u_void_concrete.npz
50k_1mm,46,namt_3p,u_pb_soil,0.9998701626305793,10.324825053422803,648,1248,1896,50k_1mm/seed_46/namt_3p/u_pb_soil.npz
50k_1mm,46,namt_3p,u_pb_concrete,0.9995538297100384,8.032600235148001,648,1259,1907,50k_1mm/seed_46/namt_3p/u_pb_concrete.npz
50k_1mm,46,namt_3p,u_explosive_soil,0.7873497636042439,1.071633152081151,648,1209,1857,50k_1mm/seed_46/namt_3p/u_explosive_soil.npz
50k_1mm,46,namt_3p,u_explosive_concrete,0.7513114134542705,1.0044003339378256,648,1225,1873,50k_1mm/seed_46/namt_3p/u_explosive_concrete.npz
50k_1mm,46,namt_3p,u_void_soil,0.8950063377233661,2.060781776479248,648,1198,1846,50k_1mm/seed_46/namt_3p/u_void_soil.npz
50k_1mm,46,namt_3p,u_void_concrete,0.9046314482271273,2.362692245380079,648,1188,1836,50k_1mm/seed_46/namt_3p/u_void_concrete.npz
50k_1mm,46,namt_4p,u_pb_soil,0.999761346549541,9.980307511639634,648,1248,1896,50k_1mm/seed_46/namt_4p/u_pb_soil.npz
50k_1mm,46,namt_4p,u_pb_concrete,0.9995329920866061,8.349113259943861,648,1259,1907,50k_1mm/seed_46/namt_4p/u_pb_concrete.npz
50k_1mm,46,namt_4p,u_explosive_soil,0.7735936239520469,0.9925270722781553,648,1209,1857,50k_1mm/seed_46/namt_4p/u_explosive_soil.npz
50k_1mm,46,namt_4p,u_explosive_concrete,0.7675610985134794,1.058429568800555,648,1225,1873,50k_1mm/seed_46/namt_4p/u_explosive_concrete.npz
50k_1mm,46,namt_4p,u_void_soil,0.9263703394546466,2.3489991369269925,648,1198,1846,50k_1mm/seed_46/namt_4p/u_void_soil.npz
50k_1mm,46,namt_4p,u_void_concrete,0.9279081971983206,2.6850642770021893,648,1188,1836,50k_1mm/seed_46/namt_4p/u_void_concrete.npz
150k_2mm,42,poca,u_pb_soil,0.9627719255084392,3.0409240044502455,648,1656,2304,150k_2mm/seed_42/poca/u_pb_soil.npz
150k_2mm,42,poca,u_pb_concrete,0.9610693624381225,2.793987630228701,648,1656,2304,150k_2mm/seed_42/poca/u_pb_concrete.npz
150k_2mm,42,poca,u_explosive_soil,0.5302137382954614,0.19673225476984593,648,1656,2304,150k_2mm/seed_42/poca/u_explosive_soil.npz
150k_2mm,42,poca,u_explosive_concrete,0.5804884189325277,0.24775500068238654,648,1655,2303,150k_2mm/seed_42/poca/u_explosive_concrete.npz
150k_2mm,42,poca,u_void_soil,0.6528951959205582,0.3961654352173013,648,1656,2304,150k_2mm/seed_42/poca/u_void_soil.npz
150k_2mm,42,poca,u_void_concrete,0.6938405797101449,0.4566626116408442,648,1656,2304,150k_2mm/seed_42/poca/u_void_concrete.npz
150k_2mm,42,asr_q75,u_pb_soil,0.9979285773469219,4.117781230785602,648,1639,2287,150k_2mm/seed_42/asr_q75/u_pb_soil.npz
150k_2mm,42,asr_q75,u_pb_concrete,0.9968908998813061,3.884603586916514,648,1633,2281,150k_2mm/seed_42/asr_q75/u_pb_concrete.npz
150k_2mm,42,asr_q75,u_explosive_soil,0.451896786772378,-0.1357451849490952,648,1621,2269,150k_2mm/seed_42/asr_q75/u_explosive_soil.npz
150k_2mm,42,asr_q75,u_explosive_concrete,0.5688626562191548,0.16145510936106658,648,1626,2274,150k_2mm/seed_42/asr_q75/u_explosive_concrete.npz
150k_2mm,42,asr_q75,u_void_soil,0.6784584942816027,0.45062486347299485,648,1630,2278,150k_2mm/seed_42/asr_q75/u_void_soil.npz
150k_2mm,42,asr_q75,u_void_concrete,0.7078296599257744,0.49862156324868667,648,1630,2278,150k_2mm/seed_42/asr_q75/u_void_concrete.npz
150k_2mm,42,mlsd_median,u_pb_soil,0.9954700826027315,4.087758862653098,648,1656,2304,150k_2mm/seed_42/mlsd_median/u_pb_soil.npz
150k_2mm,42,mlsd_median,u_pb_concrete,0.9940144703882626,3.868319322790593,648,1656,2304,150k_2mm/seed_42/mlsd_median/u_pb_concrete.npz
150k_2mm,42,mlsd_median,u_explosive_soil,0.5709587657303036,0.24001035011635588,648,1656,2304,150k_2mm/seed_42/mlsd_median/u_explosive_soil.npz
150k_2mm,42,mlsd_median,u_explosive_concrete,0.6520364775651785,0.3550960953230661,648,1655,2303,150k_2mm/seed_42/mlsd_median/u_explosive_concrete.npz
150k_2mm,42,mlsd_median,u_void_soil,0.7041854908451124,0.42692664745901737,648,1656,2304,150k_2mm/seed_42/mlsd_median/u_void_soil.npz
150k_2mm,42,mlsd_median,u_void_concrete,0.7670358814934096,0.5962736346785605,648,1656,2304,150k_2mm/seed_42/mlsd_median/u_void_concrete.npz
150k_2mm,42,namt_3p,u_pb_soil,0.9999716321713871,8.956754140419086,648,1632,2280,150k_2mm/seed_42/namt_3p/u_pb_soil.npz
150k_2mm,42,namt_3p,u_pb_concrete,0.9997609111458877,9.752356517995773,648,1633,2281,150k_2mm/seed_42/namt_3p/u_pb_concrete.npz
150k_2mm,42,namt_3p,u_explosive_soil,0.8498686710417754,1.412649405661863,648,1631,2279,150k_2mm/seed_42/namt_3p/u_explosive_soil.npz
150k_2mm,42,namt_3p,u_explosive_concrete,0.8954061357494834,1.599006546038659,648,1631,2279,150k_2mm/seed_42/namt_3p/u_explosive_concrete.npz
150k_2mm,42,namt_3p,u_void_soil,0.9620186248158777,2.4553297181796805,648,1626,2274,150k_2mm/seed_42/namt_3p/u_void_soil.npz
150k_2mm,42,namt_3p,u_void_concrete,0.9622060237224758,2.5105525858409643,648,1631,2279,150k_2mm/seed_42/namt_3p/u_void_concrete.npz
150k_2mm,42,namt_4p,u_pb_soil,0.9998789639312515,9.58310707438238,648,1632,2280,150k_2mm/seed_42/namt_4p/u_pb_soil.npz
150k_2mm,42,namt_4p,u_pb_concrete,0.9997590211154204,9.612525808502093,648,1633,2281,150k_2mm/seed_42/namt_4p/u_pb_concrete.npz
150k_2mm,42,namt_4p,u_explosive_soil,0.8374491904534823,1.3079809466906387,648,1631,2279,150k_2mm/seed_42/namt_4p/u_explosive_soil.npz
150k_2mm,42,namt_4p,u_explosive_concrete,0.9168625246951427,1.775372419806589,648,1631,2279,150k_2mm/seed_42/namt_4p/u_explosive_concrete.npz
150k_2mm,42,namt_4p,u_void_soil,0.9756968171533568,3.1615799545034236,648,1626,2274,150k_2mm/seed_42/namt_4p/u_void_soil.npz
150k_2mm,42,namt_4p,u_void_concrete,0.9746993058867165,3.170929099034646,648,1631,2279,150k_2mm/seed_42/namt_4p/u_void_concrete.npz
150k_2mm,43,poca,u_pb_soil,0.9616797504025765,2.8144215340057945,648,1656,2304,150k_2mm/seed_43/poca/u_pb_soil.npz
150k_2mm,43,poca,u_pb_concrete,0.9554249045744617,2.363092707711531,648,1656,2304,150k_2mm/seed_43/poca/u_pb_concrete.npz
150k_2mm,43,poca,u_explosive_soil,0.5296499448321107,0.175871676638738,648,1656,2304,150k_2mm/seed_43/poca/u_explosive_soil.npz
150k_2mm,43,poca,u_explosive_concrete,0.5803699973891313,0.28055707405208696,648,1655,2303,150k_2mm/seed_43/poca/u_explosive_concrete.npz
150k_2mm,43,poca,u_void_soil,0.6497938659271187,0.2893341748794909,648,1656,2304,150k_2mm/seed_43/poca/u_void_soil.npz
150k_2mm,43,poca,u_void_concrete,0.6697195181082392,0.4682830446640425,648,1655,2303,150k_2mm/seed_43/poca/u_void_concrete.npz
150k_2mm,43,asr_q75,u_pb_soil,0.9987374596478495,4.2983064882665785,648,1633,2281,150k_2mm/seed_43/asr_q75/u_pb_soil.npz
150k_2mm,43,asr_q75,u_pb_concrete,0.997915910191237,4.088793928482323,648,1632,2280,150k_2mm/seed_43/asr_q75/u_pb_concrete.npz
150k_2mm,43,asr_q75,u_explosive_soil,0.4982041616519442,-0.03434952588133788,648,1631,2279,150k_2mm/seed_43/asr_q75/u_explosive_soil.npz
150k_2mm,43,asr_q75,u_explosive_concrete,0.5608295297136499,0.08568377381409589,648,1631,2279,150k_2mm/seed_43/asr_q75/u_explosive_concrete.npz
150k_2mm,43,asr_q75,u_void_soil,0.6690035541729598,0.3746717024888944,648,1643,2291,150k_2mm/seed_43/asr_q75/u_void_soil.npz
150k_2mm,43,asr_q75,u_void_concrete,0.7299240353514647,0.5304316149579613,648,1626,2274,150k_2mm/seed_43/asr_q75/u_void_concrete.npz
150k_2mm,43,mlsd_median,u_pb_soil,0.9952753175881195,4.149048073420388,648,1656,2304,150k_2mm/seed_43/mlsd_median/u_pb_soil.npz
150k_2mm,43,mlsd_median,u_pb_concrete,0.9960543776465677,4.031645328377981,648,1656,2304,150k_2mm/seed_43/mlsd_median/u_pb_concrete.npz
150k_2mm,43,mlsd_median,u_explosive_soil,0.5807519979722073,0.22776067612344691,648,1656,2304,150k_2mm/seed_43/mlsd_median/u_explosive_soil.npz
150k_2mm,43,mlsd_median,u_explosive_concrete,0.6737029577412256,0.45034176517708313,648,1655,2303,150k_2mm/seed_43/mlsd_median/u_explosive_concrete.npz
150k_2mm,43,mlsd_median,u_void_soil,0.7423780715095127,0.6265536977158681,648,1656,2304,150k_2mm/seed_43/mlsd_median/u_void_soil.npz
150k_2mm,43,mlsd_median,u_void_concrete,0.7765098078731694,0.6188233408315326,648,1654,2302,150k_2mm/seed_43/mlsd_median/u_void_concrete.npz
150k_2mm,43,namt_3p,u_pb_soil,0.9999508592078504,8.452773535365852,648,1633,2281,150k_2mm/seed_43/namt_3p/u_pb_soil.npz
150k_2mm,43,namt_3p,u_pb_concrete,0.9999226508497087,8.752199772069835,648,1636,2284,150k_2mm/seed_43/namt_3p/u_pb_concrete.npz
150k_2mm,43,namt_3p,u_explosive_soil,0.8801635632366394,1.5473591722532434,648,1633,2281,150k_2mm/seed_43/namt_3p/u_explosive_soil.npz
150k_2mm,43,namt_3p,u_explosive_concrete,0.9173430000905551,1.9180823485769574,648,1636,2284,150k_2mm/seed_43/namt_3p/u_explosive_concrete.npz
150k_2mm,43,namt_3p,u_void_soil,0.9418793793793794,2.071650287250379,648,1628,2276,150k_2mm/seed_43/namt_3p/u_void_soil.npz
150k_2mm,43,namt_3p,u_void_concrete,0.933493918272516,1.928150087616068,648,1626,2274,150k_2mm/seed_43/namt_3p/u_void_concrete.npz
150k_2mm,43,namt_4p,u_pb_soil,0.9999631444058878,9.161277971717878,648,1633,2281,150k_2mm/seed_43/namt_4p/u_pb_soil.npz
150k_2mm,43,namt_4p,u_pb_concrete,0.9999745313773432,9.765588908951585,648,1636,2284,150k_2mm/seed_43/namt_4p/u_pb_concrete.npz
150k_2mm,43,namt_4p,u_explosive_soil,0.8927634513468357,1.549291860255375,648,1633,2281,150k_2mm/seed_43/namt_4p/u_explosive_soil.npz
150k_2mm,43,namt_4p,u_explosive_concrete,0.9326336065078934,2.192546295370859,648,1636,2284,150k_2mm/seed_43/namt_4p/u_explosive_concrete.npz
150k_2mm,43,namt_4p,u_void_soil,0.962659629326296,2.5974221244352904,648,1628,2276,150k_2mm/seed_43/namt_4p/u_void_soil.npz
150k_2mm,43,namt_4p,u_void_concrete,0.9634707226701896,2.5441034210969944,648,1626,2274,150k_2mm/seed_43/namt_4p/u_void_concrete.npz
150k_2mm,44,poca,u_pb_soil,0.9639749955269279,2.978716968464343,648,1656,2304,150k_2mm/seed_44/poca/u_pb_soil.npz
150k_2mm,44,poca,u_pb_concrete,0.9601896582572911,2.6322010621678467,648,1656,2304,150k_2mm/seed_44/poca/u_pb_concrete.npz
150k_2mm,44,poca,u_explosive_soil,0.5356727500447307,0.22543765912854838,648,1656,2304,150k_2mm/seed_44/poca/u_explosive_soil.npz
150k_2mm,44,poca,u_explosive_concrete,0.5799673465736268,0.2896396391854008,648,1656,2304,150k_2mm/seed_44/poca/u_explosive_concrete.npz
150k_2mm,44,poca,u_void_soil,0.6488880688256695,0.3159169845557352,648,1656,2304,150k_2mm/seed_44/poca/u_void_soil.npz
150k_2mm,44,poca,u_void_concrete,0.6738627214170693,0.4207456234126165,648,1656,2304,150k_2mm/seed_44/poca/u_void_concrete.npz
150k_2mm,44,asr_q75,u_pb_soil,0.9979360634963995,4.29633214991038,648,1627,2275,150k_2mm/seed_44/asr_q75/u_pb_soil.npz
150k_2mm,44,asr_q75,u_pb_concrete,0.9980209936913278,4.179484162170666,648,1636,2284,150k_2mm/seed_44/asr_q75/u_pb_concrete.npz
150k_2mm,44,asr_q75,u_explosive_soil,0.5011789857876725,-0.040278207658737825,648,1627,2275,150k_2mm/seed_44/asr_q75/u_explosive_soil.npz
150k_2mm,44,asr_q75,u_explosive_concrete,0.542725732268216,0.03875043705190247,648,1632,2280,150k_2mm/seed_44/asr_q75/u_explosive_concrete.npz
150k_2mm,44,asr_q75,u_void_soil,0.6588051740030524,0.4011757288648642,648,1634,2282,150k_2mm/seed_44/asr_q75/u_void_soil.npz
150k_2mm,44,asr_q75,u_void_concrete,0.6748341568823005,0.3584537649070231,648,1634,2282,150k_2mm/seed_44/asr_q75/u_void_concrete.npz
150k_2mm,44,mlsd_median,u_pb_soil,0.996725338462456,4.131530821501332,648,1656,2304,150k_2mm/seed_44/mlsd_median/u_pb_soil.npz
150k_2mm,44,mlsd_median,u_pb_concrete,0.9939986282578875,3.891801702479075,648,1656,2304,150k_2mm/seed_44/mlsd_median/u_pb_concrete.npz
150k_2mm,44,mlsd_median,u_explosive_soil,0.5582142377885132,0.19048247440289034,648,1656,2304,150k_2mm/seed_44/mlsd_median/u_explosive_soil.npz
150k_2mm,44,mlsd_median,u_explosive_concrete,0.636308485417785,0.3602416665074678,648,1656,2304,150k_2mm/seed_44/mlsd_median/u_explosive_concrete.npz
150k_2mm,44,mlsd_median,u_void_soil,0.6981626856324924,0.48493335376831703,648,1656,2304,150k_2mm/seed_44/mlsd_median/u_void_soil.npz
150k_2mm,44,mlsd_median,u_void_concrete,0.7598010145089702,0.6021110221561227,648,1655,2303,150k_2mm/seed_44/mlsd_median/u_void_concrete.npz
150k_2mm,44,namt_3p,u_pb_soil,0.9999830312903006,8.101800109160946,648,1637,2285,150k_2mm/seed_44/namt_3p/u_pb_soil.npz
150k_2mm,44,namt_3p,u_pb_concrete,0.9999660418364574,8.022631949228758,648,1636,2284,150k_2mm/seed_44/namt_3p/u_pb_concrete.npz
150k_2mm,44,namt_3p,u_explosive_soil,0.887854097208047,1.6203274630566025,648,1633,2281,150k_2mm/seed_44/namt_3p/u_explosive_soil.npz
150k_2mm,44,namt_3p,u_explosive_concrete,0.9349828280077463,2.203380460797207,648,1632,2280,150k_2mm/seed_44/namt_3p/u_explosive_concrete.npz
150k_2mm,44,namt_3p,u_void_soil,0.9093745032586235,1.7516936886249206,648,1631,2279,150k_2mm/seed_44/namt_3p/u_void_soil.npz
150k_2mm,44,namt_3p,u_void_concrete,0.9196491347440521,1.978778002900157,648,1633,2281,150k_2mm/seed_44/namt_3p/u_void_concrete.npz
150k_2mm,44,namt_4p,u_pb_soil,0.9999707761110734,8.395084333712012,648,1637,2285,150k_2mm/seed_44/namt_4p/u_pb_soil.npz
150k_2mm,44,namt_4p,u_pb_concrete,0.9999632119894956,8.774215568574933,648,1636,2284,150k_2mm/seed_44/namt_4p/u_pb_concrete.npz
150k_2mm,44,namt_4p,u_explosive_soil,0.8906607924519744,1.6821982831833076,648,1633,2281,150k_2mm/seed_44/namt_4p/u_explosive_soil.npz
150k_2mm,44,namt_4p,u_explosive_concrete,0.9514002360203341,2.6510957486859263,648,1632,2280,150k_2mm/seed_44/namt_4p/u_explosive_concrete.npz
150k_2mm,44,namt_4p,u_void_soil,0.9460870025963016,2.234885553250445,648,1631,2279,150k_2mm/seed_44/namt_4p/u_void_soil.npz
150k_2mm,44,namt_4p,u_void_concrete,0.9536139272565074,2.6548740175076118,648,1633,2281,150k_2mm/seed_44/namt_4p/u_void_concrete.npz
150k_2mm,45,poca,u_pb_soil,0.9687928669410151,3.202495340948856,648,1656,2304,150k_2mm/seed_45/poca/u_pb_soil.npz
150k_2mm,45,poca,u_pb_concrete,0.959883066440031,2.7243795265145723,648,1656,2304,150k_2mm/seed_45/poca/u_pb_concrete.npz
150k_2mm,45,poca,u_explosive_soil,0.5237775539890344,0.172649981828642,648,1655,2303,150k_2mm/seed_45/poca/u_explosive_soil.npz
150k_2mm,45,poca,u_explosive_concrete,0.5681575043239697,0.21541621059830524,648,1656,2304,150k_2mm/seed_45/poca/u_explosive_concrete.npz
150k_2mm,45,poca,u_void_soil,0.6642726411999761,0.311848009527395,648,1656,2304,150k_2mm/seed_45/poca/u_void_soil.npz
150k_2mm,45,poca,u_void_concrete,0.669071874813622,0.32882678480756705,648,1656,2304,150k_2mm/seed_45/poca/u_void_concrete.npz
150k_2mm,45,asr_q75,u_pb_soil,0.9987362541588037,4.408793652380398,648,1629,2277,150k_2mm/seed_45/asr_q75/u_pb_soil.npz
150k_2mm,45,asr_q75,u_pb_concrete,0.9957289034578525,3.8343721761213465,648,1627,2275,150k_2mm/seed_45/asr_q75/u_pb_concrete.npz
150k_2mm,45,asr_q75,u_explosive_soil,0.45435736534570176,-0.12487647744485177,648,1629,2277,150k_2mm/seed_45/asr_q75/u_explosive_soil.npz
150k_2mm,45,asr_q75,u_explosive_concrete,0.57681618824315,0.1469100426906892,648,1627,2275,150k_2mm/seed_45/asr_q75/u_explosive_concrete.npz
150k_2mm,45,asr_q75,u_void_soil,0.7443555008210181,0.5977235452094728,648,1624,2272,150k_2mm/seed_45/asr_q75/u_void_soil.npz
150k_2mm,45,asr_q75,u_void_concrete,0.6630139576457645,0.35954067217275976,648,1616,2264,150k_2mm/seed_45/asr_q75/u_void_concrete.npz
150k_2mm,45,mlsd_median,u_pb_soil,0.995475673942864,4.167837657749948,648,1656,2304,150k_2mm/seed_45/mlsd_median/u_pb_soil.npz
150k_2mm,45,mlsd_median,u_pb_concrete,0.9942325326534264,3.849214362941681,648,1656,2304,150k_2mm/seed_45/mlsd_median/u_pb_concrete.npz
150k_2mm,45,mlsd_median,u_explosive_soil,0.5877393093576668,0.22715010985223785,648,1656,2304,150k_2mm/seed_45/mlsd_median/u_explosive_soil.npz
150k_2mm,45,mlsd_median,u_explosive_concrete,0.6347624798711755,0.352075228218193,648,1656,2304,150k_2mm/seed_45/mlsd_median/u_explosive_concrete.npz
150k_2mm,45,mlsd_median,u_void_soil,0.7477662596171051,0.574222914910817,648,1656,2304,150k_2mm/seed_45/mlsd_median/u_void_soil.npz
150k_2mm,45,mlsd_median,u_void_concrete,0.7400352999940359,0.5706398991206385,648,1656,2304,150k_2mm/seed_45/mlsd_median/u_void_concrete.npz
150k_2mm,45,namt_3p,u_pb_soil,0.9998564455928797,8.952690720855772,648,1634,2282,150k_2mm/seed_45/namt_3p/u_pb_soil.npz
150k_2mm,45,namt_3p,u_pb_concrete,0.999944244101215,8.03568356469908,648,1633,2281,150k_2mm/seed_45/namt_3p/u_pb_concrete.npz
150k_2mm,45,namt_3p,u_explosive_soil,0.8769041447832117,1.5298454818364429,648,1629,2277,150k_2mm/seed_45/namt_3p/u_explosive_soil.npz
150k_2mm,45,namt_3p,u_explosive_concrete,0.8791927650689906,1.8365969877889012,648,1632,2280,150k_2mm/seed_45/namt_3p/u_explosive_concrete.npz
150k_2mm,45,namt_3p,u_void_soil,0.955974358974359,2.206370078038891,648,1625,2273,150k_2mm/seed_45/namt_3p/u_void_soil.npz
150k_2mm,45,namt_3p,u_void_concrete,0.9401283829358312,2.093954550700011,648,1629,2277,150k_2mm/seed_45/namt_3p/u_void_concrete.npz
150k_2mm,45,namt_4p,u_pb_soil,0.9998035571270986,8.963182385739543,648,1634,2282,150k_2mm/seed_45/namt_4p/u_pb_soil.npz
150k_2mm,45,namt_4p,u_pb_concrete,0.9999054984766355,8.306385430909941,648,1633,2281,150k_2mm/seed_45/namt_4p/u_pb_concrete.npz
150k_2mm,45,namt_4p,u_explosive_soil,0.8757474478775891,1.5360184555748049,648,1629,2277,150k_2mm/seed_45/namt_4p/u_explosive_soil.npz
150k_2mm,45,namt_4p,u_explosive_concrete,0.8952896166182522,1.935346970369674,648,1632,2280,150k_2mm/seed_45/namt_4p/u_explosive_concrete.npz
150k_2mm,45,namt_4p,u_void_soil,0.9730132953466287,2.9155917858933145,648,1625,2273,150k_2mm/seed_45/namt_4p/u_void_soil.npz
150k_2mm,45,namt_4p,u_void_concrete,0.9564973967214606,2.638558877810748,648,1629,2277,150k_2mm/seed_45/namt_4p/u_void_concrete.npz
150k_2mm,46,poca,u_pb_soil,0.9570931707135131,2.466871758627368,648,1655,2303,150k_2mm/seed_46/poca/u_pb_soil.npz
150k_2mm,46,poca,u_pb_concrete,0.9628623188405797,3.0675063851472775,648,1656,2304,150k_2mm/seed_46/poca/u_pb_concrete.npz
150k_2mm,46,poca,u_explosive_soil,0.5318175210234389,0.20463474737443718,648,1656,2304,150k_2mm/seed_46/poca/u_explosive_soil.npz
150k_2mm,46,poca,u_explosive_concrete,0.595262457505815,0.31987888053579205,648,1656,2304,150k_2mm/seed_46/poca/u_explosive_concrete.npz
150k_2mm,46,poca,u_void_soil,0.662023050240573,0.36599823602165743,648,1655,2303,150k_2mm/seed_46/poca/u_void_soil.npz
150k_2mm,46,poca,u_void_concrete,0.6841084837356503,0.4424076692233334,648,1654,2302,150k_2mm/seed_46/poca/u_void_concrete.npz
150k_2mm,46,asr_q75,u_pb_soil,0.9980515791865485,4.273008457552862,648,1630,2278,150k_2mm/seed_46/asr_q75/u_pb_soil.npz
150k_2mm,46,asr_q75,u_pb_concrete,0.9979826089579704,3.912562668715486,648,1637,2285,150k_2mm/seed_46/asr_q75/u_pb_concrete.npz
150k_2mm,46,asr_q75,u_explosive_soil,0.4806229819563153,-0.10904525570205141,648,1625,2273,150k_2mm/seed_46/asr_q75/u_explosive_soil.npz
150k_2mm,46,asr_q75,u_explosive_concrete,0.5420933911634913,0.08733394770643321,648,1631,2279,150k_2mm/seed_46/asr_q75/u_explosive_concrete.npz
150k_2mm,46,asr_q75,u_void_soil,0.6885108402929073,0.39399868774739766,648,1632,2280,150k_2mm/seed_46/asr_q75/u_void_soil.npz
150k_2mm,46,asr_q75,u_void_concrete,0.7080978157644824,0.5110964142406613,648,1625,2273,150k_2mm/seed_46/asr_q75/u_void_concrete.npz
150k_2mm,46,mlsd_median,u_pb_soil,0.9946645033754802,3.9464284730650463,648,1655,2303,150k_2mm/seed_46/mlsd_median/u_pb_soil.npz
150k_2mm,46,mlsd_median,u_pb_concrete,0.9932027941790421,4.017817227559798,648,1656,2304,150k_2mm/seed_46/mlsd_median/u_pb_concrete.npz
150k_2mm,46,mlsd_median,u_explosive_soil,0.5490761242321226,0.15441699636880826,648,1656,2304,150k_2mm/seed_46/mlsd_median/u_explosive_soil.npz
150k_2mm,46,mlsd_median,u_explosive_concrete,0.6623529477545178,0.39375951520037394,648,1656,2304,150k_2mm/seed_46/mlsd_median/u_explosive_concrete.npz
150k_2mm,46,mlsd_median,u_void_soil,0.739363507515572,0.5611759834537926,648,1655,2303,150k_2mm/seed_46/mlsd_median/u_void_soil.npz
150k_2mm,46,mlsd_median,u_void_concrete,0.8071379284621983,0.7539431482691963,648,1655,2303,150k_2mm/seed_46/mlsd_median/u_void_concrete.npz
150k_2mm,46,namt_3p,u_pb_soil,0.999924259637961,7.783531148703807,648,1630,2278,150k_2mm/seed_46/namt_3p/u_pb_soil.npz
150k_2mm,46,namt_3p,u_pb_concrete,0.9999641552718163,9.158421951940031,648,1636,2284,150k_2mm/seed_46/namt_3p/u_pb_concrete.npz
150k_2mm,46,namt_3p,u_explosive_soil,0.8620643538437024,1.7646172526810346,648,1627,2275,150k_2mm/seed_46/namt_3p/u_explosive_soil.npz
150k_2mm,46,namt_3p,u_explosive_concrete,0.9132719831759865,1.7785429931734487,648,1632,2280,150k_2mm/seed_46/namt_3p/u_explosive_concrete.npz
150k_2mm,46,namt_3p,u_void_soil,0.9305735328625171,2.103082504315777,648,1631,2279,150k_2mm/seed_46/namt_3p/u_void_soil.npz
150k_2mm,46,namt_3p,u_void_concrete,0.9082605332605332,2.0682097649946516,648,1628,2276,150k_2mm/seed_46/namt_3p/u_void_concrete.npz
150k_2mm,46,namt_4p,u_pb_soil,0.9999119518291297,8.381868739443707,648,1630,2278,150k_2mm/seed_46/namt_4p/u_pb_soil.npz
150k_2mm,46,namt_4p,u_pb_concrete,0.9999726448127019,8.893472657080299,648,1636,2284,150k_2mm/seed_46/namt_4p/u_pb_concrete.npz
150k_2mm,46,namt_4p,u_explosive_soil,0.8860661522001412,1.9204791752121428,648,1627,2275,150k_2mm/seed_46/namt_4p/u_explosive_soil.npz
150k_2mm,46,namt_4p,u_explosive_concrete,0.9232082879448076,1.962345759924879,648,1632,2280,150k_2mm/seed_46/namt_4p/u_explosive_concrete.npz
150k_2mm,46,namt_4p,u_void_soil,0.9576483033206924,2.5196938371058604,648,1631,2279,150k_2mm/seed_46/namt_4p/u_void_soil.npz
150k_2mm,46,namt_4p,u_void_concrete,0.9446662571662572,2.824555364022357,648,1628,2276,150k_2mm/seed_46/namt_4p/u_void_concrete.npz
150k_3mm,42,poca,u_pb_soil,0.9510068139798413,2.497923638613641,648,1656,2304,150k_3mm/seed_42/poca/u_pb_soil.npz
150k_3mm,42,poca,u_pb_concrete,0.9515659479930817,2.457485433415912,648,1656,2304,150k_3mm/seed_42/poca/u_pb_concrete.npz
150k_3mm,42,poca,u_explosive_soil,0.535774326057136,0.18211172665014091,648,1656,2304,150k_3mm/seed_42/poca/u_explosive_soil.npz
150k_3mm,42,poca,u_explosive_concrete,0.5825071798888516,0.23142046903925312,648,1655,2303,150k_3mm/seed_42/poca/u_explosive_concrete.npz
150k_3mm,42,poca,u_void_soil,0.646078420409137,0.3741072506436299,648,1656,2304,150k_3mm/seed_42/poca/u_void_soil.npz
150k_3mm,42,poca,u_void_concrete,0.6762623382238921,0.35748698020865516,648,1656,2304,150k_3mm/seed_42/poca/u_void_concrete.npz
150k_3mm,42,asr_q75,u_pb_soil,0.9843408703583687,2.801458292733157,648,1543,2191,150k_3mm/seed_42/asr_q75/u_pb_soil.npz
150k_3mm,42,asr_q75,u_pb_concrete,0.9788066511244101,2.5920345315530957,648,1541,2189,150k_3mm/seed_42/asr_q75/u_pb_concrete.npz
150k_3mm,42,asr_q75,u_explosive_soil,0.44947682655332927,-0.09203337473900988,648,1525,2173,150k_3mm/seed_42/asr_q75/u_explosive_soil.npz
150k_3mm,42,asr_q75,u_explosive_concrete,0.5112178321084674,0.031078485025935812,648,1527,2175,150k_3mm/seed_42/asr_q75/u_explosive_concrete.npz
150k_3mm,42,asr_q75,u_void_soil,0.5779008311143388,0.19340516854025838,648,1530,2178,150k_3mm/seed_42/asr_q75/u_void_soil.npz
150k_3mm,42,asr_q75,u_void_concrete,0.625011241926253,0.3036628660970684,648,1510,2158,150k_3mm/seed_42/asr_q75/u_void_concrete.npz
150k_3mm,42,mlsd_median,u_pb_soil,0.9901322165563309,2.853309284158676,648,1656,2304,150k_3mm/seed_42/mlsd_median/u_pb_soil.npz
150k_3mm,42,mlsd_median,u_pb_concrete,0.9841401637144391,2.742457374092864,648,1656,2304,150k_3mm/seed_42/mlsd_median/u_pb_concrete.npz
150k_3mm,42,mlsd_median,u_explosive_soil,0.4908069049323075,0.024967619476517044,648,1656,2304,150k_3mm/seed_42/mlsd_median/u_explosive_soil.npz
150k_3mm,42,mlsd_median,u_explosive_concrete,0.5394338581737937,0.09803116428384316,648,1656,2304,150k_3mm/seed_42/mlsd_median/u_explosive_concrete.npz
150k_3mm,42,mlsd_median,u_void_soil,0.5724469940955448,0.1477341164514175,648,1656,2304,150k_3mm/seed_42/mlsd_median/u_void_soil.npz
150k_3mm,42,mlsd_median,u_void_concrete,0.6481649221685454,0.35030861141540814,648,1656,2304,150k_3mm/seed_42/mlsd_median/u_void_concrete.npz
150k_3mm,42,namt_3p,u_pb_soil,0.9996855025159799,7.096701237209673,648,1634,2282,150k_3mm/seed_42/namt_3p/u_pb_soil.npz
150k_3mm,42,namt_3p,u_pb_concrete,0.9995504480408601,7.076987094980121,648,1634,2282,150k_3mm/seed_42/namt_3p/u_pb_concrete.npz
150k_3mm,42,namt_3p,u_explosive_soil,0.8126114487771935,1.1752334745559607,648,1627,2275,150k_3mm/seed_42/namt_3p/u_explosive_soil.npz
150k_3mm,42,namt_3p,u_explosive_concrete,0.8694625998547567,1.4227643161294556,648,1632,2280,150k_3mm/seed_42/namt_3p/u_explosive_concrete.npz
150k_3mm,42,namt_3p,u_void_soil,0.9054869054103123,1.6765658479307923,648,1632,2280,150k_3mm/seed_42/namt_3p/u_void_soil.npz
150k_3mm,42,namt_3p,u_void_concrete,0.9382810608811426,1.7950137461980282,648,1632,2280,150k_3mm/seed_42/namt_3p/u_void_concrete.npz
150k_3mm,42,namt_4p,u_pb_soil,0.9997893905737643,7.278351834600325,648,1634,2282,150k_3mm/seed_42/namt_4p/u_pb_soil.npz
150k_3mm,42,namt_4p,u_pb_concrete,0.9995240038079696,7.308963259920746,648,1634,2282,150k_3mm/seed_42/namt_4p/u_pb_concrete.npz
150k_3mm,42,namt_4p,u_explosive_soil,0.7638253393733828,0.9399614720605418,648,1627,2275,150k_3mm/seed_42/namt_4p/u_explosive_soil.npz
150k_3mm,42,namt_4p,u_explosive_concrete,0.8827169949770032,1.4980797170944191,648,1632,2280,150k_3mm/seed_42/namt_4p/u_explosive_concrete.npz
150k_3mm,42,namt_4p,u_void_soil,0.9367936410675382,2.0887486854737736,648,1632,2280,150k_3mm/seed_42/namt_4p/u_void_soil.npz
150k_3mm,42,namt_4p,u_void_concrete,0.944992889130961,2.137933084419454,648,1632,2280,150k_3mm/seed_42/namt_4p/u_void_concrete.npz
150k_3mm,43,poca,u_pb_soil,0.9488578755889545,2.545769165157659,648,1656,2304,150k_3mm/seed_43/poca/u_pb_soil.npz
150k_3mm,43,poca,u_pb_concrete,0.9386257231466572,1.9629261328665446,648,1656,2304,150k_3mm/seed_43/poca/u_pb_concrete.npz
150k_3mm,43,poca,u_explosive_soil,0.5308213305898491,0.19313256803854706,648,1656,2304,150k_3mm/seed_43/poca/u_explosive_soil.npz
150k_3mm,43,poca,u_explosive_concrete,0.583801142124411,0.2755172472069778,648,1656,2304,150k_3mm/seed_43/poca/u_explosive_concrete.npz
150k_3mm,43,poca,u_void_soil,0.6544020620862409,0.20477790097071924,648,1656,2304,150k_3mm/seed_43/poca/u_void_soil.npz
150k_3mm,43,poca,u_void_concrete,0.6493186020158644,0.4290575472715101,648,1656,2304,150k_3mm/seed_43/poca/u_void_concrete.npz
150k_3mm,43,asr_q75,u_pb_soil,0.9872225836767151,2.8284174935929554,648,1537,2185,150k_3mm/seed_43/asr_q75/u_pb_soil.npz
150k_3mm,43,asr_q75,u_pb_concrete,0.9803985271821529,2.4520318768790674,648,1539,2187,150k_3mm/seed_43/asr_q75/u_pb_concrete.npz
150k_3mm,43,asr_q75,u_explosive_soil,0.5191378197369483,0.022489874667275686,648,1530,2178,150k_3mm/seed_43/asr_q75/u_explosive_soil.npz
150k_3mm,43,asr_q75,u_explosive_concrete,0.5091396148667283,0.011068334069636167,648,1522,2170,150k_3mm/seed_43/asr_q75/u_explosive_concrete.npz
150k_3mm,43,asr_q75,u_void_soil,0.5733034686240644,0.15860417332422674,648,1544,2192,150k_3mm/seed_43/asr_q75/u_void_soil.npz
150k_3mm,43,asr_q75,u_void_concrete,0.6119400410710952,0.2623604006251592,648,1521,2169,150k_3mm/seed_43/asr_q75/u_void_concrete.npz
150k_3mm,43,mlsd_median,u_pb_soil,0.9878360395419574,3.022629247051435,648,1656,2304,150k_3mm/seed_43/mlsd_median/u_pb_soil.npz
150k_3mm,43,mlsd_median,u_pb_concrete,0.9885312294984195,2.8440016603953717,648,1656,2304,150k_3mm/seed_43/mlsd_median/u_pb_concrete.npz
150k_3mm,43,mlsd_median,u_explosive_soil,0.49493704151010914,-0.023932661858380923,648,1656,2304,150k_3mm/seed_43/mlsd_median/u_explosive_soil.npz
150k_3mm,43,mlsd_median,u_explosive_concrete,0.5628699603387607,0.16357960816780973,648,1656,2304,150k_3mm/seed_43/mlsd_median/u_explosive_concrete.npz
150k_3mm,43,mlsd_median,u_void_soil,0.61895016997674,0.30555921398071945,648,1656,2304,150k_3mm/seed_43/mlsd_median/u_void_soil.npz
150k_3mm,43,mlsd_median,u_void_concrete,0.6448222326593904,0.3650284969481148,648,1656,2304,150k_3mm/seed_43/mlsd_median/u_void_concrete.npz
150k_3mm,43,namt_3p,u_pb_soil,0.9997622187360268,7.208275926100349,648,1629,2277,150k_3mm/seed_43/namt_3p/u_pb_soil.npz
150k_3mm,43,namt_3p,u_pb_concrete,0.9993136029690222,6.848809320036812,648,1630,2278,150k_3mm/seed_43/namt_3p/u_pb_concrete.npz
150k_3mm,43,namt_3p,u_explosive_soil,0.8592410704135689,1.3664941316424815,648,1629,2277,150k_3mm/seed_43/namt_3p/u_explosive_soil.npz
150k_3mm,43,namt_3p,u_explosive_concrete,0.8495587590854828,1.3249783549187166,648,1634,2282,150k_3mm/seed_43/namt_3p/u_explosive_concrete.npz
150k_3mm,43,namt_3p,u_void_soil,0.8885823284964915,1.6781334647284845,648,1631,2279,150k_3mm/seed_43/namt_3p/u_void_soil.npz
150k_3mm,43,namt_3p,u_void_concrete,0.884212782747919,1.5245901412021254,648,1627,2275,150k_3mm/seed_43/namt_3p/u_void_concrete.npz
150k_3mm,43,namt_4p,u_pb_soil,0.9998455842787743,7.002498500484657,648,1629,2277,150k_3mm/seed_43/namt_4p/u_pb_soil.npz
150k_3mm,43,namt_4p,u_pb_concrete,0.9997292282057109,7.210291784336176,648,1630,2278,150k_3mm/seed_43/namt_4p/u_pb_concrete.npz
150k_3mm,43,namt_4p,u_explosive_soil,0.8604508181191218,1.3478671889939544,648,1629,2277,150k_3mm/seed_43/namt_4p/u_explosive_soil.npz
150k_3mm,43,namt_4p,u_explosive_concrete,0.877683145201505,1.5021113340582932,648,1634,2282,150k_3mm/seed_43/namt_4p/u_explosive_concrete.npz
150k_3mm,43,namt_4p,u_void_soil,0.9136568870116796,1.8835753805595141,648,1631,2279,150k_3mm/seed_43/namt_4p/u_void_soil.npz
150k_3mm,43,namt_4p,u_void_concrete,0.9227892356605735,1.8269043098173716,648,1627,2275,150k_3mm/seed_43/namt_4p/u_void_concrete.npz
150k_3mm,44,poca,u_pb_soil,0.9482577384147433,2.3068805845644405,648,1656,2304,150k_3mm/seed_44/poca/u_pb_soil.npz
150k_3mm,44,poca,u_pb_concrete,0.9481365927118746,2.424743051688218,648,1656,2304,150k_3mm/seed_44/poca/u_pb_concrete.npz
150k_3mm,44,poca,u_explosive_soil,0.5585320122860381,0.2472291825921597,648,1656,2304,150k_3mm/seed_44/poca/u_explosive_soil.npz
150k_3mm,44,poca,u_explosive_concrete,0.572864480825431,0.2704585264343858,648,1656,2304,150k_3mm/seed_44/poca/u_explosive_concrete.npz
150k_3mm,44,poca,u_void_soil,0.6297134997316157,0.31996377196278464,648,1656,2304,150k_3mm/seed_44/poca/u_void_soil.npz
150k_3mm,44,poca,u_void_concrete,0.6638803155006858,0.37777097903402246,648,1656,2304,150k_3mm/seed_44/poca/u_void_concrete.npz
150k_3mm,44,asr_q75,u_pb_soil,0.9888335378913676,2.8260810852024374,648,1539,2187,150k_3mm/seed_44/asr_q75/u_pb_soil.npz
150k_3mm,44,asr_q75,u_pb_concrete,0.9811070039380542,2.590618419197498,648,1533,2181,150k_3mm/seed_44/asr_q75/u_pb_concrete.npz
150k_3mm,44,asr_q75,u_explosive_soil,0.5028293847963323,-0.01585751699322147,648,1543,2191,150k_3mm/seed_44/asr_q75/u_explosive_soil.npz
150k_3mm,44,asr_q75,u_explosive_concrete,0.505469732134223,-0.01983685987731436,648,1532,2180,150k_3mm/seed_44/asr_q75/u_explosive_concrete.npz
150k_3mm,44,asr_q75,u_void_soil,0.5654617412134176,0.16877201337150455,648,1541,2189,150k_3mm/seed_44/asr_q75/u_void_soil.npz
150k_3mm,44,asr_q75,u_void_concrete,0.584690381438349,0.1613775193254554,648,1517,2165,150k_3mm/seed_44/asr_q75/u_void_concrete.npz
150k_3mm,44,mlsd_median,u_pb_soil,0.9892972430965588,3.0031443568320184,648,1656,2304,150k_3mm/seed_44/mlsd_median/u_pb_soil.npz
150k_3mm,44,mlsd_median,u_pb_concrete,0.9848977903023797,2.718142505665535,648,1656,2304,150k_3mm/seed_44/mlsd_median/u_pb_concrete.npz
150k_3mm,44,mlsd_median,u_explosive_soil,0.4891872800739548,-0.045633744842900274,648,1656,2304,150k_3mm/seed_44/mlsd_median/u_explosive_soil.npz
150k_3mm,44,mlsd_median,u_explosive_concrete,0.510519174569094,0.056157972707714846,648,1656,2304,150k_3mm/seed_44/mlsd_median/u_explosive_concrete.npz
150k_3mm,44,mlsd_median,u_void_soil,0.5847358278165444,0.19115870706332214,648,1656,2304,150k_3mm/seed_44/mlsd_median/u_void_soil.npz
150k_3mm,44,mlsd_median,u_void_concrete,0.6244278195264508,0.2719077806150644,648,1656,2304,150k_3mm/seed_44/mlsd_median/u_void_concrete.npz
150k_3mm,44,namt_3p,u_pb_soil,0.9996459750374739,6.161084906477899,648,1639,2287,150k_3mm/seed_44/namt_3p/u_pb_soil.npz
150k_3mm,44,namt_3p,u_pb_concrete,0.9998280072274766,6.094461652773613,648,1633,2281,150k_3mm/seed_44/namt_3p/u_pb_concrete.npz
150k_3mm,44,namt_3p,u_explosive_soil,0.8669085752419086,1.47308309517735,648,1628,2276,150k_3mm/seed_44/namt_3p/u_explosive_soil.npz
150k_3mm,44,namt_3p,u_explosive_concrete,0.9031846326195396,1.7589179911689383,648,1631,2279,150k_3mm/seed_44/namt_3p/u_explosive_concrete.npz
150k_3mm,44,namt_3p,u_void_soil,0.8521995240585377,1.3963062692006465,648,1629,2277,150k_3mm/seed_44/namt_3p/u_void_soil.npz
150k_3mm,44,namt_3p,u_void_concrete,0.8577243859369909,1.3841904842730002,648,1629,2277,150k_3mm/seed_44/namt_3p/u_void_concrete.npz
150k_3mm,44,namt_4p,u_pb_soil,0.9999180846496283,6.5789170221331155,648,1639,2287,150k_3mm/seed_44/namt_4p/u_pb_soil.npz
150k_3mm,44,namt_4p,u_pb_concrete,0.999759966130654,6.445102302847273,648,1633,2281,150k_3mm/seed_44/namt_4p/u_pb_concrete.npz
150k_3mm,44,namt_4p,u_explosive_soil,0.8578891391391391,1.4168865278627978,648,1628,2276,150k_3mm/seed_44/namt_4p/u_explosive_soil.npz
150k_3mm,44,namt_4p,u_explosive_concrete,0.9076486817903127,1.8934276379232977,648,1631,2279,150k_3mm/seed_44/namt_4p/u_explosive_concrete.npz
150k_3mm,44,namt_4p,u_void_soil,0.8924755018984608,1.657455420213402,648,1629,2277,150k_3mm/seed_44/namt_4p/u_void_soil.npz
150k_3mm,44,namt_4p,u_void_concrete,0.9069953163722347,1.854061625207497,648,1629,2277,150k_3mm/seed_44/namt_4p/u_void_concrete.npz
150k_3mm,45,poca,u_pb_soil,0.9564872591996183,1.3882039224352065,648,1656,2304,150k_3mm/seed_45/poca/u_pb_soil.npz
150k_3mm,45,poca,u_pb_concrete,0.9459904499910539,2.4022629563901887,648,1656,2304,150k_3mm/seed_45/poca/u_pb_concrete.npz
150k_3mm,45,poca,u_explosive_soil,0.5339077244414606,0.19023522917332603,648,1655,2303,150k_3mm/seed_45/poca/u_explosive_soil.npz
150k_3mm,45,poca,u_explosive_concrete,0.5785592607502833,0.18849199844411121,648,1656,2304,150k_3mm/seed_45/poca/u_explosive_concrete.npz
150k_3mm,45,poca,u_void_soil,0.6499215348601419,0.3132787113368984,648,1656,2304,150k_3mm/seed_45/poca/u_void_soil.npz
150k_3mm,45,poca,u_void_concrete,0.6623576072046281,0.3861409419009523,648,1656,2304,150k_3mm/seed_45/poca/u_void_concrete.npz
150k_3mm,45,asr_q75,u_pb_soil,0.986134959814934,2.635447418437353,648,1553,2201,150k_3mm/seed_45/asr_q75/u_pb_soil.npz
150k_3mm,45,asr_q75,u_pb_concrete,0.9801700541026506,2.5944754845637763,648,1538,2186,150k_3mm/seed_45/asr_q75/u_pb_concrete.npz
150k_3mm,45,asr_q75,u_explosive_soil,0.4706257982120051,-0.08626644050608932,648,1537,2185,150k_3mm/seed_45/asr_q75/u_explosive_soil.npz
150k_3mm,45,asr_q75,u_explosive_concrete,0.528775969123691,0.03198160883089766,648,1529,2177,150k_3mm/seed_45/asr_q75/u_explosive_concrete.npz
150k_3mm,45,asr_q75,u_void_soil,0.68369708994709,0.4361051478995318,648,1512,2160,150k_3mm/seed_45/asr_q75/u_void_soil.npz
150k_3mm,45,asr_q75,u_void_concrete,0.5759835553282847,0.15907528538163218,648,1521,2169,150k_3mm/seed_45/asr_q75/u_void_concrete.npz
150k_3mm,45,mlsd_median,u_pb_soil,0.986331969046341,2.9477861791398547,648,1656,2304,150k_3mm/seed_45/mlsd_median/u_pb_soil.npz
150k_3mm,45,mlsd_median,u_pb_concrete,0.9865080962605117,2.7060445359662864,648,1656,2304,150k_3mm/seed_45/mlsd_median/u_pb_concrete.npz
150k_3mm,45,mlsd_median,u_explosive_soil,0.502741412106971,0.04073687191687734,648,1655,2303,150k_3mm/seed_45/mlsd_median/u_explosive_soil.npz
150k_3mm,45,mlsd_median,u_explosive_concrete,0.5049250387666249,0.056750956491975174,648,1656,2304,150k_3mm/seed_45/mlsd_median/u_explosive_concrete.npz
150k_3mm,45,mlsd_median,u_void_soil,0.6242279288351796,0.23786991368924473,648,1655,2303,150k_3mm/seed_45/mlsd_median/u_void_soil.npz
150k_3mm,45,mlsd_median,u_void_concrete,0.6039504681815471,0.2319524664438698,648,1656,2304,150k_3mm/seed_45/mlsd_median/u_void_concrete.npz
150k_3mm,45,namt_3p,u_pb_soil,0.9996179706601467,6.2378362265741725,648,1636,2284,150k_3mm/seed_45/namt_3p/u_pb_soil.npz
150k_3mm,45,namt_3p,u_pb_concrete,0.9993229544904382,6.301168674130976,648,1632,2280,150k_3mm/seed_45/namt_3p/u_pb_concrete.npz
150k_3mm,45,namt_3p,u_explosive_soil,0.8458343754026176,1.2836342837766264,648,1629,2277,150k_3mm/seed_45/namt_3p/u_explosive_soil.npz
150k_3mm,45,namt_3p,u_explosive_concrete,0.8630533617768095,1.5877113805613177,648,1632,2280,150k_3mm/seed_45/namt_3p/u_explosive_concrete.npz
150k_3mm,45,namt_3p,u_void_soil,0.8962580004246671,1.6642840950711633,648,1628,2276,150k_3mm/seed_45/namt_3p/u_void_soil.npz
150k_3mm,45,namt_3p,u_void_concrete,0.8827680570685064,1.4847003517939898,648,1632,2280,150k_3mm/seed_45/namt_3p/u_void_concrete.npz
150k_3mm,45,namt_4p,u_pb_soil,0.9997038093513236,6.425018998898159,648,1636,2284,150k_3mm/seed_45/namt_4p/u_pb_soil.npz
150k_3mm,45,namt_4p,u_pb_concrete,0.9995290940450254,6.4873082477070705,648,1632,2280,150k_3mm/seed_45/namt_4p/u_pb_concrete.npz
150k_3mm,45,namt_4p,u_explosive_soil,0.8356760945516829,1.171871744607189,648,1629,2277,150k_3mm/seed_45/namt_4p/u_explosive_soil.npz
150k_3mm,45,namt_4p,u_explosive_concrete,0.8641597070927136,1.6243292347658007,648,1632,2280,150k_3mm/seed_45/namt_4p/u_explosive_concrete.npz
150k_3mm,45,namt_4p,u_void_soil,0.9246974246974247,2.025566657048132,648,1628,2276,150k_3mm/seed_45/namt_4p/u_void_soil.npz
150k_3mm,45,namt_4p,u_void_concrete,0.9187583212297264,1.8780187917126814,648,1632,2280,150k_3mm/seed_45/namt_4p/u_void_concrete.npz
150k_3mm,46,poca,u_pb_soil,0.9466194757559492,2.1456267923137284,648,1656,2304,150k_3mm/seed_46/poca/u_pb_soil.npz
150k_3mm,46,poca,u_pb_concrete,0.9486323582036142,2.6718205711285594,648,1656,2304,150k_3mm/seed_46/poca/u_pb_concrete.npz
150k_3mm,46,poca,u_explosive_soil,0.5355329665414207,0.17980837093303878,648,1656,2304,150k_3mm/seed_46/poca/u_explosive_soil.npz
150k_3mm,46,poca,u_explosive_concrete,0.5933627988512178,0.3146543480018523,648,1655,2303,150k_3mm/seed_46/poca/u_explosive_concrete.npz
150k_3mm,46,poca,u_void_soil,0.6598200706745393,0.3666648023853327,648,1656,2304,150k_3mm/seed_46/poca/u_void_soil.npz
150k_3mm,46,poca,u_void_concrete,0.6624368178565039,0.36603477748629726,648,1656,2304,150k_3mm/seed_46/poca/u_void_concrete.npz
150k_3mm,46,asr_q75,u_pb_soil,0.9871101891935226,2.9664690355372443,648,1540,2188,150k_3mm/seed_46/asr_q75/u_pb_soil.npz
150k_3mm,46,asr_q75,u_pb_concrete,0.975056607698647,2.487693080896087,648,1543,2191,150k_3mm/seed_46/asr_q75/u_pb_concrete.npz
150k_3mm,46,asr_q75,u_explosive_soil,0.46894415546886287,-0.07617239237631285,648,1538,2186,150k_3mm/seed_46/asr_q75/u_explosive_soil.npz
150k_3mm,46,asr_q75,u_explosive_concrete,0.5118143767946659,0.05127474125762863,648,1522,2170,150k_3mm/seed_46/asr_q75/u_explosive_concrete.npz
150k_3mm,46,asr_q75,u_void_soil,0.5950720299269601,0.201451446266948,648,1528,2176,150k_3mm/seed_46/asr_q75/u_void_soil.npz
150k_3mm,46,asr_q75,u_void_concrete,0.5966255683381065,0.20347010306952032,648,1526,2174,150k_3mm/seed_46/asr_q75/u_void_concrete.npz
150k_3mm,46,mlsd_median,u_pb_soil,0.9840889097632254,2.688700262036091,648,1656,2304,150k_3mm/seed_46/mlsd_median/u_pb_soil.npz
150k_3mm,46,mlsd_median,u_pb_concrete,0.9852519085107652,2.88674037495338,648,1656,2304,150k_3mm/seed_46/mlsd_median/u_pb_concrete.npz
150k_3mm,46,mlsd_median,u_explosive_soil,0.4906261182680265,-0.03694776381671823,648,1656,2304,150k_3mm/seed_46/mlsd_median/u_explosive_soil.npz
150k_3mm,46,mlsd_median,u_explosive_concrete,0.5523264704785349,0.1447115550653604,648,1655,2303,150k_3mm/seed_46/mlsd_median/u_explosive_concrete.npz
150k_3mm,46,mlsd_median,u_void_soil,0.6136952421423033,0.2566626506681155,648,1656,2304,150k_3mm/seed_46/mlsd_median/u_void_soil.npz
150k_3mm,46,mlsd_median,u_void_concrete,0.6705060535575833,0.3660089058620122,648,1656,2304,150k_3mm/seed_46/mlsd_median/u_void_concrete.npz
150k_3mm,46,namt_3p,u_pb_soil,0.9998966134747737,6.2223144282140055,648,1627,2275,150k_3mm/seed_46/namt_3p/u_pb_soil.npz
150k_3mm,46,namt_3p,u_pb_concrete,0.9991925941000015,6.633073433412928,648,1638,2286,150k_3mm/seed_46/namt_3p/u_pb_concrete.npz
150k_3mm,46,namt_3p,u_explosive_soil,0.8613662652241955,1.4830211008345828,648,1633,2281,150k_3mm/seed_46/namt_3p/u_explosive_soil.npz
150k_3mm,46,namt_3p,u_explosive_concrete,0.905913278211953,1.6735793206511604,648,1635,2283,150k_3mm/seed_46/namt_3p/u_explosive_concrete.npz
150k_3mm,46,namt_3p,u_void_soil,0.8922989461376095,1.5414288218752383,648,1626,2274,150k_3mm/seed_46/namt_3p/u_void_soil.npz
150k_3mm,46,namt_3p,u_void_concrete,0.8755052400885734,1.5914106177306142,648,1628,2276,150k_3mm/seed_46/namt_3p/u_void_concrete.npz
150k_3mm,46,namt_4p,u_pb_soil,0.9999023044761622,7.136520163787962,648,1627,2275,150k_3mm/seed_46/namt_4p/u_pb_soil.npz
150k_3mm,46,namt_4p,u_pb_concrete,0.9997060552616108,6.549626725844835,648,1638,2286,150k_3mm/seed_46/namt_4p/u_pb_concrete.npz
150k_3mm,46,namt_4p,u_explosive_soil,0.8066054674801357,1.3622575493448537,648,1633,2281,150k_3mm/seed_46/namt_4p/u_explosive_soil.npz
150k_3mm,46,namt_4p,u_explosive_concrete,0.9053422433646695,1.728371095651068,648,1635,2283,150k_3mm/seed_46/namt_4p/u_explosive_concrete.npz
150k_3mm,46,namt_4p,u_void_soil,0.8877870028700287,1.5361739247006703,648,1626,2274,150k_3mm/seed_46/namt_4p/u_void_soil.npz
150k_3mm,46,namt_4p,u_void_concrete,0.8964229380896047,1.8465974826655287,648,1628,2276,150k_3mm/seed_46/namt_4p/u_void_concrete.npz
